Energy Consumed (kWh),Charging Rate (kW),Charging Cost (USD),Time of Day,Day of Week,Vehicle Age (years),Charger Type,User Type,total_duration,Cost per Unit
60.71234573,39.46302473,13.08771679,1,5,2,0,1,0.65,0.22
12.3392752,24.92533591,21.12844793,2,1,3,1,0,2.02,1.71
19.1288757,53.56085196,35.66727042,2,4,2,2,1,2.8,1.86
79.45782399,293.9939488,13.03623883,1,2,1,1,2,3.7,0.16
19.62910417,34.74351438,10.16147117,2,2,1,1,2,1.77,0.52
43.18113714,93.7030676,36.90034078,1,2,0,0,2,2.17,0.85
36.86213999,69.30082318,22.21422518,1,0,4,2,1,1.88,0.6
51.46761686,190.4301824,9.796821321,0,1,0,2,2,3.7,0.19
43.59237228,58.84970258,32.46500507,1,6,4,1,1,1.35,0.74
78.86860745,294.1799058,21.31230245,2,6,3,0,1,3.73,0.27
18.20619748,72.46066596,38.2212307,3,4,3,0,0,3.98,2.1
22.56492948,88.45452358,14.05086135,1,3,0,0,2,3.92,0.62
34.25645291,34.25645291,10.972136,0,1,0,2,0,1,0.32
16.56106433,48.02708654,37.4418566,2,0,7,2,1,2.9,2.26
12.92754529,45.63423488,18.55281568,0,1,4,1,0,3.53,1.44
27.35431788,63.46201749,33.09349271,1,1,2,0,2,2.32,1.21
24.72693768,50.19568349,17.49480846,1,4,7,0,1,2.03,0.71
23.82404047,76.71341033,6.430589212,1,0,6,2,0,3.22,0.27
42.63801819,130.0459555,25.07879371,1,2,0,1,2,3.05,0.59
48.48248431,66.4210035,7.090844201,2,6,3,2,2,1.37,0.15
50.27906667,145.8092934,28.87289461,3,5,3,2,0,2.9,0.57
59.13503162,113.5392607,34.8532344,1,3,5,1,1,1.92,0.59
49.19642959,149.0651817,14.85613122,0,2,4,0,2,3.03,0.3
68.44712632,35.59250569,38.4060617,2,0,5,0,1,0.52,0.56
27.60438468,53.00041859,24.03753469,2,6,4,1,2,1.92,0.87
40.1780035,108.4806094,38.76319383,2,2,1,0,1,2.7,0.96
43.48775122,23.91826317,27.44831088,0,4,0,1,1,0.55,0.63
10.33851772,33.29002707,9.855826893,3,3,0,1,2,3.22,0.95
31.68448459,18.37700106,25.617104,0,0,3,2,0,0.58,0.81
56.59325686,168.0819729,33.13209178,0,0,0,0,0,2.97,0.59
19.4738006,75.94782232,36.94527292,0,6,2,0,0,3.9,1.9
38.28919934,93.80853837,17.01178295,1,6,6,1,1,2.45,0.44
16.13623873,31.78839029,26.43819424,1,1,1,2,0,1.97,1.64
60.06708509,183.2046095,18.03439004,0,1,1,2,0,3.05,0.3
57.72437946,203.7670595,35.50300017,0,0,2,0,2,3.53,0.62
37.37451606,122.2146675,29.86624993,1,5,4,1,1,3.27,0.8
39.94056362,126.6115867,15.85532743,1,4,1,0,0,3.17,0.4
73.38661952,52.83836606,15.88270398,3,6,6,0,2,0.72,0.22
61.52075986,87.359479,26.50571298,0,1,7,2,1,1.42,0.43
68.17785004,124.7654656,8.498571937,2,4,2,2,2,1.83,0.12
67.51805822,200.5286329,29.22236195,3,3,2,2,0,2.97,0.43
39.39874236,49.24842795,26.61971775,2,2,3,2,1,1.25,0.68
12.04931971,34.70204075,32.0420986,3,2,4,1,1,2.88,2.66
77.05360638,57.79020478,6.364629694,0,0,1,0,0,0.75,0.08
42.69140538,76.1781742,30.03796889,2,6,4,2,2,2.48,0.7
46.80719594,87.99752838,10.60887579,1,2,1,0,1,1.88,0.23
67.47546614,209.173945,19.03070021,3,3,5,1,1,3.1,0.28
30.71093403,19.0407791,18.13183171,2,6,0,2,1,0.62,0.59
42.69140538,76.1781742,13.11287367,3,1,1,1,0,1.95,0.31
8.713190576,23.26421884,9.644101414,0,2,6,2,2,2.67,1.11
9.065880815,7.252704652,24.50189331,2,5,3,0,0,0.8,2.7
58.73397362,123.3413446,28.10231006,2,2,3,1,1,2.1,0.48
65.98624913,104.2582736,18.84961041,2,6,0,2,2,1.58,0.29
74.99970643,134.9994716,34.08661866,3,5,5,0,2,1.8,0.45
17.76943641,34.11731791,9.798498138,1,4,4,0,0,1.92,0.55
50.26893407,128.1857819,38.94193996,1,2,0,0,0,2.55,0.77
76.45046499,294.3342902,30.19223444,1,6,2,2,1,3.85,0.39
77.86372676,309.8976325,28.30319112,0,2,3,0,0,3.98,0.36
21.89299268,65.24111817,8.637821691,2,2,7,0,0,2.98,0.39
71.28000416,89.1000052,6.744728812,1,6,5,2,0,1.25,0.09
21.82768818,51.73162098,36.0680415,1,5,7,1,0,2.37,1.65
62.72316229,125.4463246,30.04444235,2,1,7,0,0,2,0.48
46.195137,130.7322377,30.86418086,0,3,1,2,1,2.83,0.67
29.34565986,30.22602965,24.64975873,3,2,0,1,2,1.03,0.84
76.9334219,207.7202391,34.2283019,3,0,3,0,0,2.7,0.44
59.25460166,104.8806449,12.2204383,3,4,7,2,2,1.77,0.21
37.06292778,113.7831883,37.87533458,2,6,2,2,2,3.07,1.02
67.69516175,169.2379044,13.77561921,0,2,6,0,0,2.5,0.2
16.41401693,43.00472436,21.66778664,2,3,7,1,0,2.62,1.32
67.00568214,119.2701142,14.42396639,3,1,4,1,2,1.78,0.22
70.61729259,213.2642236,15.47077791,1,6,3,1,1,3.02,0.22
61.13047583,97.80876133,37.14898173,1,2,1,0,2,1.6,0.61
22.88203842,54.91689221,10.70958202,1,4,3,0,1,2.4,0.47
12.89488719,19.72917739,15.19733417,3,0,2,1,2,1.53,1.18
69.16916706,163.9309259,20.76646441,0,6,4,1,0,2.37,0.3
42.69140538,76.1781742,24.79072323,3,2,4,1,1,2.05,0.58
49.2788374,63.07691187,39.93168076,2,5,0,1,2,1.28,0.81
31.21888968,114.5733251,17.60489531,0,1,3,2,1,3.67,0.56
30.65169982,120.1546633,39.32205438,1,0,1,0,0,3.92,1.28
59.98647673,40.79080418,15.68301656,0,6,0,1,1,0.68,0.26
51.67374779,159.1551432,18.01181178,0,2,7,2,0,3.08,0.35
35.90724265,120.2892629,19.2835227,3,0,6,1,0,3.35,0.54
41.60783353,138.5540857,29.53293287,0,5,3,1,1,3.33,0.71
32.83295683,95.21557481,39.67482338,3,6,1,2,0,2.9,1.21
57.92445004,66.61311755,19.81732291,2,0,1,1,0,1.15,0.34
21.65616412,74.28064292,18.02550999,0,6,3,1,0,3.43,0.83
41.01058175,77.92010532,18.06652173,0,6,3,2,1,1.9,0.44
79.81869447,114.1407331,35.97131697,0,0,2,2,0,1.43,0.45
33.07294951,63.83079255,15.55083823,1,6,1,2,2,1.93,0.47
27.84315247,52.34512665,12.27833192,3,5,7,2,0,1.88,0.44
28.44077392,104.662048,13.77980418,3,0,0,2,2,3.68,0.48
68.57302471,265.3776056,15.88941448,1,2,4,1,1,3.87,0.23
65.43101691,233.5887304,10.39565797,3,3,6,0,2,3.57,0.16
71.61568949,179.0392237,21.26356051,2,0,3,2,0,2.5,0.3
7.93090145,30.53397058,33.81843011,1,5,7,0,0,3.85,4.26
42.69140538,76.1781742,38.05802232,3,5,5,1,0,1.72,0.89
55.72920335,126.5052916,38.09371751,2,5,0,2,0,2.27,0.68
31.04657496,79.16876615,6.254545331,3,2,7,0,0,2.55,0.2
15.91756324,60.16838904,9.531208381,1,2,1,0,0,3.78,0.6
50.90348236,109.4424871,28.33888703,3,3,7,0,1,2.15,0.56
71.47764853,277.3332763,11.36377565,2,3,3,0,0,3.88,0.16
74.15366016,88.98439219,26.0001564,2,6,0,0,2,1.2,0.35
46.77551047,115.5355109,18.58840411,2,6,4,2,2,2.47,0.4
8.4696438,7.368590106,31.23839757,3,4,1,2,2,0.87,3.69
61.69743867,189.4111367,22.48712027,1,3,6,2,1,3.07,0.36
41.26415505,147.7256751,29.01626915,3,3,6,0,2,3.58,0.7
6.503953234,7.154348557,35.24185936,0,6,6,0,2,1.1,5.42
65.89318362,179.2294595,11.03767314,1,5,6,1,2,2.72,0.17
13.26290902,20.82276716,32.90930541,0,4,3,0,1,1.57,2.48
42.69140538,76.1781742,13.28397591,3,3,5,1,2,2.72,0.31
27.42595097,94.61953085,19.78138636,1,5,5,1,2,3.45,0.72
7.358446629,6.254679635,13.78679636,0,1,5,2,1,0.85,1.87
36.137269,80.58610986,7.87091787,3,3,1,0,0,2.23,0.22
29.16952954,56.8805826,9.16414808,1,2,5,0,2,1.95,0.31
43.44537898,131.6394983,34.67514514,2,0,5,1,0,3.03,0.8
26.86910961,69.0536117,17.54159529,2,1,3,1,2,2.57,0.65
17.93347917,32.28026251,25.49744244,2,2,7,0,1,1.8,1.42
60.47162635,119.7338202,15.88570515,0,2,2,1,0,1.98,0.26
17.70473747,67.63209714,19.91512429,0,5,7,0,1,3.82,1.12
47.7140959,63.45974755,15.35252653,3,6,1,0,0,1.33,0.32
71.18526462,243.453605,5.138664199,2,0,6,1,1,3.42,0.07
39.64439032,86.42477089,6.965265891,0,6,6,2,0,2.18,0.18
24.84871287,93.92813467,19.91298423,2,6,3,0,0,3.78,0.8
7.515940356,16.9108658,34.76080834,3,3,6,1,0,2.25,4.62
64.41904929,238.3504824,28.99874331,1,0,2,1,2,3.7,0.45
6.189015903,9.159743536,20.86311304,0,0,1,1,0,1.48,3.37
37.78790372,47.23487965,29.1176017,0,1,1,0,0,1.25,0.77
9.151234191,9.883332927,27.66612815,1,5,2,0,2,1.08,3.02
15.66056402,56.06481919,32.13666293,0,6,2,0,2,3.58,2.05
35.55367093,137.9482432,23.36793048,3,5,4,1,1,3.88,0.66
47.52745876,154.464241,31.09859147,0,5,3,2,1,3.25,0.65
36.61656862,24.53310097,11.58486923,0,3,7,2,2,0.67,0.32
65.48719596,44.53129325,31.14502051,1,4,6,0,2,0.68,0.48
33.88719708,112.5054943,24.4683204,3,1,3,0,2,3.32,0.72
47.29002739,53.43773095,46.27027201,2,6,7,0,2,1.13,0.98
48.48756787,184.2527579,7.600448838,2,2,7,2,2,3.8,0.16
15.01016595,42.02846465,13.72612323,1,0,6,2,1,2.8,0.91
30.0651389,32.47035001,35.03863445,3,0,1,0,2,1.08,1.17
74.10645012,100.0437077,25.66318432,1,5,4,1,2,1.35,0.35
66.15159679,66.15159679,36.29871225,1,1,1,2,1,1,0.55
47.37743937,48.79876255,28.11485499,2,1,4,0,0,1.03,0.59
45.99296137,130.1600807,23.61328031,3,6,6,2,1,2.83,0.51
48.287872,141.0005862,30.23675881,3,6,6,1,1,2.92,0.63
78.69341922,259.6882834,7.639601311,1,5,7,1,2,3.3,0.1
68.03002486,98.64353605,18.9698758,2,5,0,2,0,1.45,0.28
40.2483826,142.8817582,17.24311508,3,5,6,0,1,3.55,0.43
74.28073484,224.3278192,12.88650542,1,4,7,2,0,3.02,0.17
42.69140538,76.1781742,20.26198907,0,1,1,0,1,3.83,0.47
74.94807969,196.3639688,31.58444612,2,5,5,2,2,2.62,0.42
52.8841303,52.8841303,7.95349418,3,3,0,1,1,1,0.15
34.96988837,48.95784372,16.52800214,3,1,4,2,1,1.4,0.47
55.91756317,36.34641606,25.57187248,3,2,6,0,1,0.65,0.46
76.59801205,277.2848036,19.34114104,2,0,3,0,0,3.62,0.25
20.25597516,53.67833419,31.88608393,1,0,0,1,0,2.65,1.57
56.06879095,40.93021739,7.964297406,0,1,4,0,2,0.73,0.14
65.04979561,34.47639168,20.79767963,3,2,3,0,0,0.53,0.32
42.69140538,76.1781742,11.75449371,2,0,3,1,0,1.2,0.28
23.57128154,73.77811121,21.99640805,3,0,3,0,0,3.13,0.93
42.69140538,76.1781742,8.610343127,1,0,3,0,2,3.78,0.2
41.08911136,65.74257818,37.3705959,0,6,7,2,2,1.6,0.91
48.99847458,69.57783391,15.9295347,3,2,6,2,2,1.42,0.33
10.27760809,15.72474038,7.05367943,2,6,2,2,2,1.53,0.69
45.57396766,176.3712549,34.02915242,1,1,1,2,1,3.87,0.75
69.10554639,50.44704887,9.357435457,0,1,1,2,2,0.73,0.14
37.76450274,86.85835631,26.22041153,2,4,6,2,2,2.3,0.69
14.49568703,35.07956261,30.87446728,3,6,1,2,1,2.42,2.13
54.6408791,110.3745758,18.84386067,2,1,5,1,1,2.02,0.34
67.89119053,188.7375097,11.33027693,0,6,6,2,0,2.78,0.17
22.74259439,73.91343177,8.229053615,1,4,4,0,0,3.25,0.36
56.01783154,71.14264605,14.57709875,1,1,7,1,2,1.27,0.26
127.7574744,182.6931884,20.34244787,3,1,1,2,0,1.43,0.16
13.87716709,18.31786056,26.91381758,3,1,5,2,1,1.32,1.94
42.69140538,76.1781742,37.20674099,3,1,7,0,0,1.67,0.87
47.82436785,137.2559357,35.98941825,3,5,2,1,0,2.87,0.75
71.14274636,207.7368194,37.01632786,0,2,5,0,2,2.92,0.52
6.08863209,11.26396937,9.194135635,3,2,2,0,1,1.85,1.51
33.09869143,80.09883325,36.52395919,2,6,8,1,1,2.42,1.1
78.83314652,175.7979167,23.30472969,0,6,0,0,0,2.23,0.3
63.2365161,123.3112064,39.69535324,0,6,2,1,0,1.95,0.63
50.16138088,26.08391806,8.854761003,3,4,7,0,0,0.52,0.18
21.82050637,48.44152414,13.09959827,0,3,5,1,2,2.22,0.6
61.00032236,114.680606,20.41637758,2,5,6,2,0,1.88,0.33
47.31460938,56.77753126,25.92447735,0,3,5,1,0,1.2,0.55
33.78434419,103.0422498,22.90123735,0,6,5,0,2,3.05,0.68
47.84104322,79.89454218,11.34595333,2,6,6,0,1,1.67,0.24
10.64015216,34.58049451,6.499435839,2,1,6,2,2,3.25,0.61
72.23781882,148.0875286,24.3268478,0,3,2,2,0,2.05,0.34
36.15792622,42.66635294,37.20641911,1,1,2,2,0,1.18,1.03
63.62653233,171.7916373,35.02872012,0,3,1,1,1,2.7,0.55
8.349591228,23.37885544,19.7528686,2,3,5,1,2,2.8,2.37
65.83154347,103.3555232,7.453842745,2,1,0,1,0,1.57,0.11
55.18877391,57.94821261,23.68341,2,6,0,1,1,1.05,0.43
55.9794347,138.8289981,31.52986271,1,1,5,1,0,2.48,0.56
38.50773759,19.25386879,38.18852997,2,6,3,0,1,0.5,0.99
13.10581202,34.73040187,28.93465228,3,3,7,0,0,2.65,2.21
7.816424005,23.05845081,32.2717069,3,4,6,0,0,2.95,4.13
52.50980894,78.76471341,43.15651393,1,4,0,1,1,1.5,0.82
12.12801805,36.02021361,31.07189392,2,0,3,2,1,2.97,2.56
28.98835178,56.52728598,8.690730198,2,5,3,0,0,1.95,0.3
13.48519533,21.84601643,27.32232283,3,1,1,0,1,1.62,2.03
80.72941928,209.8964901,12.94572889,3,2,4,1,0,2.6,0.16
53.58667286,151.1144175,7.441371986,0,1,6,1,0,2.82,0.14
72.8285851,61.90429733,36.35757443,1,5,2,1,2,0.85,0.5
64.23213303,189.4847924,5.935357649,0,3,0,0,0,2.95,0.09
17.85487342,33.03151584,38.49605368,1,5,2,2,0,1.85,2.16
63.85425614,167.9366936,8.317684005,2,3,3,1,1,2.63,0.13
70.99471727,69.57482293,13.17014202,2,0,7,1,2,0.98,0.19
62.24807114,160.6000235,15.58468446,1,5,6,2,1,2.58,0.25
78.64289917,165.1500883,31.44978444,0,6,6,2,1,2.1,0.4
6.961875674,6.126450593,26.22370445,3,1,1,2,0,0.88,3.77
75.18617181,54.1340437,14.73538709,1,5,5,1,0,0.72,0.2
1.754520234,1.894881853,22.72439575,1,6,2,1,0,1.08,12.95
73.61433544,277.5260446,14.12480236,1,5,7,0,1,3.77,0.19
6.37787409,24.68237273,27.80226589,2,2,2,0,1,3.87,4.36
51.16182198,45.02240334,39.81658731,1,6,2,0,0,0.88,0.78
28.22969163,102.1914837,36.34122452,2,4,7,0,1,3.62,1.29
67.92283225,140.6002628,32.17628426,3,6,5,0,2,2.07,0.47
15.27366667,21.38313334,7.629495458,3,0,6,0,2,1.4,0.5
50.6437366,197.5105727,38.24799124,0,3,3,1,2,3.9,0.76
52.05474165,205.6162295,24.99614525,2,6,4,0,1,3.95,0.48
57.89799819,50.95023841,28.13582402,3,5,7,1,2,0.88,0.49
30.90079834,120.5131135,14.43726522,3,4,4,1,0,3.9,0.47
35.34837713,106.7520989,12.65346387,0,4,4,2,0,3.02,0.36
11.92593792,41.97930148,25.98584818,0,6,0,1,0,3.52,2.18
55.46412784,51.02699761,16.65159816,0,5,3,1,2,0.92,0.3
44.15948701,164.2732917,5.550200361,2,4,7,1,2,3.72,0.13
65.24475505,118.7454542,24.75285105,1,2,4,2,1,1.82,0.38
20.46478094,66.51053807,7.674183155,2,6,7,1,0,3.25,0.37
49.1867283,77.22316344,9.11960718,0,6,5,2,1,1.57,0.19
32.64266714,56.47181415,5.781509069,1,3,0,0,2,1.73,0.18
66.62370004,231.1842391,22.33792167,3,6,0,1,1,3.47,0.34
33.36550879,106.7696281,35.95601164,2,4,0,0,0,3.2,1.08
68.82528251,82.59033901,33.86154813,0,1,0,1,1,1.2,0.49
65.89172327,63.91497157,9.144724291,0,5,5,2,1,0.97,0.14
42.69140538,76.1781742,9.084707242,1,0,3,0,2,3.23,0.21
12.66982107,23.18577257,32.178618,2,0,3,1,2,1.83,2.54
25.35411412,90.76772854,19.33324015,3,5,0,1,2,3.58,0.76
37.92811166,52.34079409,36.2054509,3,1,2,2,2,1.38,0.95
42.69140538,76.1781742,23.49022368,1,3,6,1,0,1.13,0.55
31.87719017,37.61508441,38.28944613,1,3,6,0,0,1.18,1.2
29.58284044,91.11514855,16.67307135,3,3,5,2,1,3.08,0.56
37.50977748,36.38448416,23.23026883,1,3,1,0,0,0.97,0.62
7.849721867,26.13957382,25.95044908,1,5,3,0,1,3.33,3.31
66.52076448,177.6104412,34.74007813,2,6,4,1,2,2.67,0.52
42.69140538,76.1781742,7.892927163,1,2,2,1,1,2.78,0.18
29.84062267,107.4262416,9.062227773,0,5,7,2,1,3.6,0.3
59.78121988,170.3764766,13.52412911,0,5,6,2,0,2.85,0.23
76.35819792,296.2698079,68.93168829,0,2,5,2,1,3.88,0.9
60.41010375,205.3943527,17.89853157,1,4,2,0,0,3.4,0.3
44.78548904,52.84687707,36.90895525,3,0,6,0,1,1.18,0.82
22.22767365,45.56673099,27.52374174,0,0,1,0,0,2.05,1.24
22.27571241,70.16849408,24.41374839,2,6,3,0,2,3.15,1.1
29.01396646,29.59424578,12.29197938,1,2,3,1,0,1.02,0.42
61.11752874,202.9101954,20.04094214,3,3,1,2,2,3.32,0.33
65.55092159,206.485403,24.20928706,3,3,3,1,0,3.15,0.37
76.57976765,70.45338624,36.69399043,1,6,0,1,2,0.92,0.48
37.09360176,89.02464423,19.54237559,1,4,7,0,2,2.4,0.53
56.35798687,148.2215055,35.07084018,2,6,0,2,0,2.63,0.62
6.354516482,9.023413404,10.03369193,1,2,5,0,2,1.42,1.58
60.52272949,152.5172783,22.67035545,1,2,4,0,1,2.52,0.37
49.62151166,111.6484012,12.88187849,3,1,6,2,1,2.25,0.26
54.12608725,143.4341312,31.93611569,0,4,7,2,2,2.65,0.59
13.08899484,23.95286056,36.61236772,0,2,3,1,2,1.83,2.8
7.424244899,23.16364409,36.54430878,3,2,5,0,2,3.12,4.92
47.086336,116.7741133,31.22019833,1,4,7,0,0,2.48,0.66
42.69140538,76.1781742,23.59953341,2,3,6,0,1,3.8,0.55
56.82135247,76.70882583,15.83281356,0,5,2,2,2,1.35,0.28
36.5318794,73.0637588,32.23995282,1,3,7,0,2,2,0.88
58.15106289,161.0784442,25.3916038,0,5,7,0,0,2.77,0.44
63.59427153,54.0551308,5.086397605,3,1,4,0,1,0.85,0.08
55.41504977,58.18580226,36.42534262,0,3,5,0,2,1.05,0.66
12.9198797,29.97412091,11.49651417,3,2,4,1,1,2.32,0.89
70.24471718,91.31813233,18.52782019,3,4,4,2,0,1.3,0.26
47.90409794,125.9877776,35.04175348,3,4,5,1,1,2.63,0.73
59.14827213,100.5520626,32.07478813,2,5,3,2,2,1.7,0.54
6.462698571,12.14987331,37.45912865,1,3,4,0,2,1.88,5.8
79.00225971,108.2330958,11.28750438,3,0,3,2,1,1.37,0.14
19.91687772,42.8212871,10.47101094,3,0,7,1,0,2.15,0.53
73.22951285,186.7352578,16.97108591,0,2,5,0,0,2.55,0.23
15.0589717,49.39342719,15.67014168,1,5,1,1,0,3.28,1.04
12.1325578,14.9230461,34.86909528,2,2,7,1,0,1.23,2.87
30.53308101,114.4990538,35.15728182,2,6,6,1,2,3.75,1.15
20.35354607,56.37932261,26.16541419,0,4,1,2,1,2.77,1.29
6.479430985,14.4491311,37.2085906,2,3,0,1,2,2.23,5.74
14.01882399,41.7760955,25.54354523,0,3,8,2,1,2.98,1.82
61.83012084,180.5439528,8.021784138,1,2,0,1,1,2.92,0.13
51.62169093,200.2921608,28.15164637,0,1,7,1,0,3.88,0.55
13.31901732,29.96778896,9.969727208,0,3,7,2,0,2.25,0.75
37.64230385,45.17076462,27.89822489,3,0,0,2,1,1.2,0.74
70.62045542,230.9288892,14.73821179,2,2,2,1,1,3.27,0.21
74.49108356,285.30085,31.65427854,1,6,5,1,1,3.83,0.42
32.52486105,88.46762204,10.0360231,1,4,2,0,2,2.72,0.31
78.3990561,100.3507918,34.30110996,3,3,1,1,1,1.28,0.44
65.32285347,168.532962,17.84050973,0,6,3,1,2,2.58,0.27
30.63992013,18.38395208,36.95621233,1,2,3,0,1,0.6,1.21
78.15878931,308.7272178,15.06417173,1,4,4,1,0,3.95,0.19
5.337836074,20.123642,39.58826104,0,4,0,1,1,3.77,7.42
29.31881554,21.98911165,26.74074337,0,5,0,2,1,0.75,0.91
23.99396127,63.10411815,20.65067387,1,5,5,2,2,2.63,0.86
5.699519954,13.67884789,16.58424488,0,1,3,2,1,2.4,2.91
54.52901287,59.98191415,9.767814596,2,1,0,1,2,1.1,0.18
56.32464878,181.9286156,31.34224899,1,3,7,2,2,3.23,0.56
42.69140538,76.1781742,26.57518731,0,6,6,1,0,2.57,0.62
65.22545228,119.3625777,29.43589439,1,5,0,0,0,1.83,0.45
23.54038392,86.62861282,23.22008781,1,4,4,2,0,3.68,0.99
18.54970242,28.19554767,16.48379964,3,5,7,0,0,1.52,0.89
20.76318764,34.88215524,30.69199865,2,4,2,1,2,1.68,1.48
46.45478115,168.6308556,5.06404815,2,5,2,1,1,3.63,0.11
49.7493419,127.8558087,18.58598183,3,4,0,0,2,2.57,0.37
66.17491556,209.7744823,37.05502096,3,6,2,0,0,3.17,0.56
42.69140538,76.1781742,30.34556322,1,5,1,0,1,1.58,0.71
49.83823894,48.84147416,12.24506007,2,0,6,0,2,0.98,0.25
50.65984701,41.54107455,34.0238372,3,0,2,2,1,0.82,0.67
6.885479432,24.92543554,13.15143822,0,4,7,0,2,3.62,1.91
64.76361326,119.8126845,9.001401096,1,6,1,2,1,1.85,0.14
55.42091221,125.8054707,11.67802099,2,4,1,0,1,2.27,0.21
37.77161458,145.4207161,32.35635172,1,6,7,0,0,3.85,0.86
44.06555275,133.0779693,37.81041851,1,1,6,2,0,3.02,0.86
76.70996423,205.5827041,9.420847432,0,5,2,1,1,2.68,0.12
6.521023617,7.173125979,9.835010134,0,6,7,1,1,1.1,1.51
23.01969384,61.69277948,20.86109101,3,4,3,1,0,2.68,0.91
62.31917555,110.3049407,7.162452048,0,3,6,1,2,1.77,0.11
64.52243107,127.1091892,38.17893479,2,3,6,2,1,1.97,0.59
52.99672888,206.6872426,6.452202177,3,1,6,1,2,3.9,0.12
74.73938754,218.2390116,27.74298694,2,3,3,2,0,2.92,0.37
17.89052769,34.886529,25.22270092,2,4,5,2,1,1.95,1.41
18.84884344,70.1176976,7.321396397,3,0,1,2,2,3.72,0.39
58.37615445,199.6464482,33.85680932,0,0,3,2,0,3.42,0.58
57.81943059,59.55401351,31.92078487,1,5,1,2,1,1.03,0.55
13.32461104,19.32068601,12.38823651,0,2,4,0,2,1.45,0.93
14.50345514,55.5482332,11.91083137,2,5,3,2,1,3.83,0.82
26.34468459,25.02745036,17.65021853,2,3,3,1,2,0.95,0.67
50.59695131,54.1387379,27.98654385,3,1,2,2,2,1.07,0.55
42.69140538,76.1781742,17.58563509,2,3,7,1,1,2.57,0.41
103.8126056,288.5990435,17.66922823,3,0,3,2,0,2.78,0.17
70.39888222,110.5262451,20.15830766,3,6,7,1,1,1.57,0.29
77.17272374,91.06381401,11.76049861,0,0,4,2,0,1.18,0.15
62.19283346,118.1663836,19.47699463,2,2,4,0,2,1.9,0.31
71.91146877,199.1947685,21.33234274,0,5,7,1,2,2.77,0.3
79.97807284,289.5206237,27.85794777,1,4,8,1,2,3.62,0.35
5.775919735,13.45789298,24.98569128,0,3,1,2,0,2.33,4.33
53.81020176,39.28144729,15.79131976,2,1,2,1,2,0.73,0.29
38.66237699,138.0246858,16.31581939,1,2,6,2,1,3.57,0.42
56.6933015,92.41008144,32.99002236,2,0,0,0,2,1.63,0.58
40.16142185,89.55997073,13.37000579,1,6,2,0,0,2.23,0.33
42.51736092,126.7017355,7.234439777,2,2,4,2,0,2.98,0.17
29.2984456,45.41259069,37.16469844,0,6,7,2,1,1.55,1.27
67.22515102,78.65342669,21.01415302,2,6,6,0,1,1.17,0.31
42.69140538,76.1781742,27.99759316,3,1,5,1,0,1.67,0.66
76.71844669,108.9401943,35.85250778,3,6,0,1,0,1.42,0.47
60.96907589,182.9072277,37.04926024,0,6,6,1,1,3,0.61
48.32460775,43.49214698,49.13746988,0,0,2,0,1,0.9,1.02
65.54082473,146.1560392,37.48997541,1,1,6,2,1,2.23,0.57
68.74906949,186.997469,28.29294039,0,4,3,0,1,2.72,0.41
67.43740257,166.5703844,14.99636875,3,4,3,1,0,2.47,0.22
10.45065783,33.23309191,32.560979,0,6,0,2,2,3.18,3.12
30.805662,113.0567796,18.35319511,3,2,5,2,0,3.67,0.6
62.09565923,39.12026531,8.860047395,0,5,1,1,1,0.63,0.14
28.86406096,42.71881022,37.44951918,3,1,2,2,0,1.48,1.3
33.37054203,85.76229301,7.409254803,1,3,8,1,1,2.57,0.22
73.09045077,95.017586,9.595163794,2,5,7,0,0,1.3,0.13
26.99234408,35.89981763,36.50047332,2,1,1,2,1,1.33,1.35
6.938193834,25.11626168,16.88633009,3,1,3,1,1,3.62,2.43
42.29018027,69.77879744,7.806725651,0,0,11,1,0,1.65,0.18
30.03611838,33.03973022,35.95440543,0,6,6,0,1,1.1,1.2
10.38609378,10.38609378,21.48892071,2,0,0,2,2,1,2.07
45.71947918,150.8742813,31.22627601,3,2,7,2,1,3.3,0.68
24.5996297,37.39143714,29.23441856,0,3,1,2,1,1.52,1.19
23.14704768,46.98850678,10.99775279,2,5,4,2,1,2.03,0.48
52.71641215,188.7247555,34.40206564,3,5,7,0,2,3.58,0.65
42.69140538,76.1781742,36.94161944,1,4,4,0,0,0.72,0.87
68.25299905,219.7746569,9.459763979,0,2,0,2,2,3.22,0.14
56.42022999,181.6731406,29.84842868,0,3,4,1,2,3.22,0.53
52.90446367,95.2280346,18.54288394,3,2,3,2,2,1.8,0.35
28.16354561,17.46139828,29.76359555,2,0,3,2,0,0.62,1.06
1.356731547,4.138031218,23.8746236,3,0,3,1,1,3.05,17.6
8.930426485,9.644860603,0.234316994,2,2,2,2,2,1.08,0.03
55.78297746,71.40221115,30.47364423,3,0,4,1,1,1.28,0.55
16.67359946,31.67983897,28.15617086,1,4,6,0,2,1.9,1.69
13.28071233,12.61667671,13.60743081,0,3,5,1,2,0.95,1.02
7.668660935,28.7574785,17.36162334,2,3,3,0,2,3.75,2.26
42.69140538,76.1781742,17.85819103,1,0,4,2,2,3.65,0.42
64.94285707,256.5242854,15.32161386,3,0,4,1,2,3.95,0.24
70.06077676,271.8358138,15.24274876,2,3,1,1,2,3.88,0.22
42.69140538,76.1781742,24.65421755,2,2,7,2,0,3.95,0.58
46.55965372,61.92433944,23.55573454,1,3,2,0,1,1.33,0.51
54.88401336,121.8425097,6.555981505,3,2,3,1,1,2.22,0.12
13.72613374,45.57076401,21.09238546,1,0,2,1,0,3.32,1.54
74.21975586,161.0568702,29.1650415,3,0,4,2,2,2.17,0.39
20.58138768,19.96394605,31.6837867,1,2,2,0,0,0.97,1.54
36.04757739,93.7237012,7.461577394,1,5,4,2,0,2.6,0.21
31.73575031,58.71113808,11.73930094,1,6,3,1,0,1.85,0.37
64.53824697,41.94986053,32.97335649,1,5,7,2,1,0.65,0.51
41.56862025,93.52939557,37.10922604,3,0,0,2,0,2.25,0.89
34.37566974,112.4084401,35.35074338,0,1,6,0,2,3.27,1.03
12.11809323,48.23001107,37.31386508,1,1,2,0,0,3.98,3.08
48.27254829,24.13627414,10.32993831,3,4,4,2,1,0.5,0.21
26.40210395,29.83437746,10.57056611,0,5,7,2,1,1.13,0.4
54.62699763,45.34040803,37.76303576,2,2,2,2,2,0.83,0.69
69.44996148,109.0364395,15.30724503,2,4,7,1,0,1.57,0.22
66.18914418,48.31807525,13.99319791,1,4,1,0,2,0.73,0.21
13.66384251,36.61909792,8.275923214,2,1,3,1,0,2.68,0.61
31.81022341,115.1530088,32.94225606,1,5,3,0,2,3.62,1.04
79.46231191,119.1934679,18.27246951,1,6,3,0,2,1.5,0.23
26.61520204,78.51484601,29.94315027,0,3,5,1,2,2.95,1.13
42.69140538,76.1781742,22.61552715,2,2,4,1,1,2.78,0.53
64.40334433,124.2984546,14.24660004,1,5,7,2,1,1.93,0.22
41.5867128,92.73836955,35.66015447,2,4,5,0,0,2.23,0.86
76.44815981,80.2705678,35.7634289,0,0,6,0,1,1.05,0.47
19.89879895,50.74193733,30.70829741,2,4,7,0,2,2.55,1.54
25.10086254,58.23400109,30.54739628,0,5,6,2,1,2.32,1.22
27.04710323,92.50109305,33.45756611,0,1,3,0,1,3.42,1.24
30.18468424,31.09022477,7.260888622,0,3,0,0,0,1.03,0.24
15.34212068,32.52529584,30.94551499,1,5,0,1,2,2.12,2.02
45.34396447,68.01594671,11.65652844,3,6,0,1,1,1.5,0.26
60.260383,39.16924895,11.46758403,1,2,7,2,1,0.65,0.19
5.650181738,19.88863972,25.63010191,2,2,6,0,0,3.52,4.54
32.49151582,61.08404974,7.587563677,1,0,0,2,0,1.88,0.23
61.46067459,96.4932591,10.99170879,1,0,0,1,2,1.57,0.18
41.57891512,73.59467977,7.269854492,3,4,0,0,0,1.77,0.17
41.60286682,20.80143341,13.57109853,2,5,2,0,2,0.5,0.33
29.69789846,80.18432586,21.4800656,0,2,4,2,2,2.7,0.72
72.71574853,132.3426623,28.11946156,0,1,2,0,1,1.82,0.39
61.9271036,45.20678563,27.12255887,2,6,3,0,1,0.73,0.44
12.66681283,12.03347219,30.66760989,1,4,3,1,1,0.95,2.42
78.95506102,68.69090308,26.94412074,3,5,6,2,1,0.87,0.34
64.98220571,149.4590731,24.81778207,3,1,2,1,1,2.3,0.38
37.28701876,84.64153258,10.42068113,2,5,2,2,2,2.27,0.28
72.0948405,209.0750375,7.964528514,2,1,3,1,1,2.9,0.11
65.75133335,155.83066,20.24363545,1,3,1,2,1,2.37,0.31
42.86561113,90.8750956,6.19057921,3,5,2,0,1,2.12,0.14
33.39817876,94.51684588,15.41312073,2,5,2,0,2,2.83,0.46
46.51177026,132.5585453,15.91197756,1,3,5,2,0,2.85,0.34
74.54048486,208.7133576,28.37468743,1,2,2,2,0,2.8,0.38
53.83827206,51.14635845,39.9075072,2,4,5,2,1,0.95,0.74
42.46618717,50.11010086,5.161757926,3,5,4,2,0,1.18,0.12
42.69140538,76.1781742,23.56026037,0,5,6,0,2,2.13,0.55
76.49931987,114.7489798,31.94888427,1,4,2,2,1,1.5,0.42
5.614874085,14.20563143,54.89298253,0,4,7,0,2,2.53,9.78
26.46822316,41.02574589,18.3432315,1,0,5,0,2,1.55,0.69
6.873885528,6.873885528,23.7109535,3,0,5,2,1,1,3.45
21.58091553,39.49307541,29.87794438,0,2,5,0,2,1.83,1.38
7.56958421,28.99150752,36.54436532,2,4,1,2,1,3.83,4.83
49.54554657,32.20460527,5.384944037,1,3,7,0,2,0.65,0.11
72.83010774,45.1546668,5.708701645,2,6,1,2,0,0.62,0.08
71.12558827,211.2429972,11.34857955,2,2,5,2,0,2.97,0.16
36.24441708,141.3532266,9.742134928,3,1,6,1,0,3.9,0.27
53.39924326,78.49688759,15.31997094,2,4,6,1,2,1.47,0.29
5.746444809,19.82523459,20.6525859,1,0,3,2,1,3.45,3.59
9.737039612,36.70863934,39.66248652,2,5,4,1,0,3.77,4.07
39.46218311,149.1670522,21.6727573,2,4,2,0,1,3.78,0.55
63.83060875,62.55399657,6.759900462,1,4,2,2,0,0.98,0.11
72.94802476,211.5492718,10.5217203,2,0,2,2,0,2.9,0.14
21.09784722,81.64866873,25.55170952,3,0,1,2,2,3.87,1.21
58.79144233,48.20898271,19.21594181,1,6,7,1,0,0.82,0.33
65.18392769,83.43542744,33.18646283,3,2,1,1,1,1.28,0.51
72.54995631,277.8663327,32.06992949,2,0,0,0,1,3.83,0.44
57.55690006,152.5257852,14.25810935,0,0,2,1,0,2.65,0.25
67.41433642,74.15577007,11.1260901,3,0,6,1,1,1.1,0.17
21.03051965,55.31026669,8.848458662,3,2,2,0,1,2.63,0.42
16.4721403,44.14533599,24.10975593,2,5,0,2,1,2.68,1.46
78.30687813,168.359788,29.76314299,0,4,1,2,1,2.15,0.38
38.5996591,53.26752956,22.30986686,1,4,6,0,1,1.38,0.58
26.56650923,66.94760326,32.62696634,0,0,7,1,0,2.52,1.23
23.02231536,20.72008383,5.056096912,1,3,6,0,1,0.9,0.22
62.04960065,165.6724337,35.34478943,2,3,5,0,1,2.67,0.57
58.09105214,36.59736285,30.93345703,0,2,4,2,0,0.63,0.53
63.29716819,245.5930126,5.541127115,2,6,4,1,2,3.88,0.09
21.0022301,80.85858589,33.58178282,3,0,7,2,1,3.85,1.6
36.32292544,38.13907171,32.62019608,0,2,1,2,2,1.05,0.9
65.45087829,78.54105394,11.05758726,1,2,0,0,2,1.2,0.17
46.92333915,80.70814333,16.96100622,3,6,6,2,0,1.72,0.36
45.35506631,92.97788593,34.75363397,1,2,6,2,2,2.05,0.77
44.72944868,38.02003137,23.68478638,3,4,0,2,2,0.85,0.53
57.85966999,95.46845549,36.94377035,1,6,5,1,2,1.65,0.64
25.89259649,68.6153807,36.64684726,1,6,6,1,0,2.65,1.42
65.8986118,135.0921542,10.07764264,2,1,3,2,1,2.05,0.15
34.80201788,129.4635065,28.32797875,3,6,2,0,0,3.72,0.81
18.86945141,19.24684044,13.00840517,2,6,5,0,0,1.02,0.69
77.34671417,174.0301069,37.60901009,2,5,7,2,0,2.25,0.49
31.7311032,91.38557722,16.74899045,2,4,1,1,1,2.88,0.53
41.27067551,160.130221,27.60932374,2,0,1,0,2,3.88,0.67
41.95057477,20.97528739,21.59769815,1,1,7,0,1,0.5,0.51
46.41206202,77.9722642,32.59270547,2,6,5,1,2,1.68,0.7
21.40957637,73.22075118,14.89769218,2,5,7,1,1,3.42,0.7
54.99600399,72.59472527,36.9679954,2,5,7,0,0,1.32,0.67
7.739028454,21.90145052,15.48829234,1,2,6,2,0,2.83,2
11.48343149,8.382904986,13.02678002,3,0,0,0,2,0.73,1.13
39.46996622,54.07385373,7.401232279,1,0,3,1,0,1.37,0.19
27.61163115,92.49896436,5.519114486,1,3,6,1,0,3.35,0.2
15.25417073,9.457585851,1.640802843,1,4,5,1,1,0.62,0.11
45.0685333,77.51787728,7.398448665,3,3,6,1,2,1.72,0.16
10.15521282,12.69401602,6.571259003,2,2,1,2,1,1.25,0.65
54.99770543,89.64625985,36.06123732,2,6,1,0,1,1.63,0.66
64.87047474,154.3917299,5.19759077,3,5,4,1,0,2.38,0.08
25.13233553,73.63774311,32.61585547,3,1,4,1,1,2.93,1.3
14.46271926,47.0038376,18.41327205,0,4,2,1,2,3.25,1.27
79.41814361,200.9279033,21.02559183,2,6,6,0,0,2.53,0.26
44.41845305,124.3716686,6.185543108,1,2,2,1,2,2.8,0.14
74.02042766,179.8696392,16.62835457,1,0,5,0,2,2.43,0.22
36.50542214,43.80650657,18.47198202,2,2,5,2,2,1.2,0.51
39.06708679,32.03501116,18.39949876,3,6,5,1,2,0.82,0.47
63.79396887,188.1922082,18.7730047,0,2,2,2,1,2.95,0.29
67.45124177,55.98453067,28.34227905,1,0,0,0,0,0.83,0.42
56.888516,105.2437546,28.25376952,0,6,4,2,1,1.85,0.5
21.81937874,31.20171159,34.25780158,1,1,7,1,0,1.43,1.57
47.01289217,162.194478,5.890131948,1,3,6,2,1,3.45,0.13
73.61974525,126.6259618,24.75324613,2,4,2,2,0,1.72,0.34
42.69140538,76.1781742,23.10830642,1,2,3,2,2,2.12,0.54
41.94358637,127.9279384,23.05307356,0,0,3,2,2,3.05,0.55
37.16292615,115.9483296,34.25723802,0,1,7,2,1,3.12,0.92
34.6610021,132.7516381,8.045236856,2,5,2,0,1,3.83,0.23
42.69140538,76.1781742,28.01344621,1,1,5,0,2,2.32,0.66
8.89115582,21.33877397,8.586459321,0,1,4,1,1,2.4,0.97
29.37932325,91.95728179,38.97025293,3,1,7,0,1,3.13,1.33
6.538370227,7.715276868,38.99101192,2,0,2,0,0,1.18,5.96
70.38996844,114.0317489,32.26140542,3,5,4,1,0,1.62,0.46
16.08097433,58.37393683,69.40774319,0,4,0,0,0,3.63,4.32
7.557567403,27.43396967,28.5246858,3,1,3,1,1,3.63,3.77
15.80779723,26.08286543,30.31309028,2,0,7,1,2,1.65,1.92
60.12372287,107.0202267,19.6272772,3,0,6,0,2,1.78,0.33
67.93942572,254.7728464,0.307085453,0,4,3,2,2,3.75,0
70.04034617,138.6798854,16.57654005,3,3,7,1,2,1.98,0.24
68.55546012,159.7342221,13.36561763,3,6,1,2,0,2.33,0.19
36.56579373,85.92961527,23.2899473,3,5,2,1,0,2.35,0.64
20.45364202,44.99801244,9.318802731,1,5,1,0,1,2.2,0.46
9.716946684,28.17914538,25.71904075,0,2,4,2,2,2.9,2.65
61.68434322,49.34747457,29.84073473,3,1,6,1,1,0.8,0.48
28.57887808,99.16870694,36.55775619,0,6,3,0,2,3.47,1.28
21.13404478,34.87117388,10.72715124,3,3,5,2,2,1.65,0.51
46.76604426,71.55204772,36.6989178,2,5,7,0,1,1.53,0.78
17.75977455,30.72440998,29.86525329,2,3,0,0,0,1.73,1.68
79.39006382,313.5907521,21.85267826,2,2,4,2,1,3.95,0.28
21.06915758,65.73577164,37.40768483,3,1,7,1,1,3.12,1.78
19.40252393,58.7896475,12.09640443,0,6,6,1,2,3.03,0.62
42.69140538,76.1781742,36.42301294,2,0,6,0,0,2.22,0.85
44.87005618,77.62519719,34.23881023,1,1,3,1,1,1.73,0.76
46.21171801,121.0747012,28.83486129,2,6,4,2,0,2.62,0.62
42.69140538,76.1781742,32.2061168,2,4,2,2,0,3.8,0.75
57.03840397,173.9671321,8.958090113,1,5,5,0,0,3.05,0.16
32.93955896,46.77417372,29.96268706,2,3,2,0,0,1.42,0.91
63.02355463,53.57002143,17.57057593,3,1,9,2,2,0.85,0.28
33.01397482,65.03753039,31.92329176,3,2,0,2,2,1.97,0.97
56.6174958,45.29399664,37.14195812,2,0,4,0,2,0.8,0.66
53.17397382,166.4345381,26.68776576,0,2,2,0,2,3.13,0.5
51.87067063,47.72101698,20.1903994,0,3,4,2,2,0.92,0.39
64.30797978,213.5024929,14.19513062,2,1,6,0,1,3.32,0.22
4.288320356,14.15145718,41.86809853,1,5,5,1,0,3.3,9.76
56.72762318,49.35303216,19.14476389,3,5,6,2,2,0.87,0.34
44.90995547,57.03564345,32.16053904,3,6,6,2,0,1.27,0.72
13.8765576,9.71359032,9.886443112,3,2,7,0,2,0.7,0.71
39.37124123,62.20656114,27.08246763,2,2,5,0,2,1.58,0.69
11.75852247,43.74170359,13.28862701,3,0,3,2,1,3.72,1.13
49.89778841,143.7056306,37.87326035,2,3,2,0,0,2.88,0.76
64.60983161,109.8367137,37.08082729,2,6,4,1,2,1.7,0.57
12.59488857,38.79225681,25.13861353,0,0,2,0,2,3.08,2
65.59742669,116.1074452,2.348075123,1,1,1,2,1,1.77,0.04
8.112447829,25.95983305,32.12876,1,1,2,0,0,3.2,3.96
48.96111526,161.5716804,12.32649015,1,2,4,2,0,3.3,0.25
34.38288065,134.0932345,22.8763766,3,3,7,1,2,3.9,0.67
52.55689588,52.55689588,26.92281538,0,6,1,2,1,1,0.51
37.23027567,70.73752377,24.62547644,0,3,6,1,1,1.9,0.66
54.7848794,172.5723701,30.79227218,2,4,4,1,2,3.15,0.56
37.42669941,131.7419819,5.466831569,0,5,6,1,0,3.52,0.15
28.0793142,107.2629803,11.33612148,2,3,5,1,2,3.82,0.4
79.78776886,117.2880202,15.67662699,0,6,4,1,0,1.47,0.2
75.62248861,88.47831168,30.05461855,2,3,2,0,1,1.17,0.4
48.57848685,114.1594441,22.01948188,3,6,1,1,2,2.35,0.45
60.63745353,225.5713271,14.58892712,0,1,0,0,2,3.72,0.24
66.85109294,139.0502733,38.77129432,1,5,4,0,2,2.08,0.58
32.34799933,113.8649576,16.52347117,2,3,1,0,0,3.52,0.51
42.69140538,76.1781742,19.0742907,0,3,4,2,0,3.28,0.45
67.70594564,170.618983,33.83991939,0,3,0,2,1,2.52,0.5
8.383690895,25.82176796,11.6762427,2,6,3,1,0,3.08,1.39
60.93981788,196.8356117,30.05560459,0,3,4,0,0,3.23,0.49
42.69140538,76.1781742,15.08908219,1,1,2,2,2,2.23,0.35
42.69140538,76.1781742,19.95380605,2,1,5,0,1,3.7,0.47
7.603711414,13.07838363,5.584713217,2,2,3,2,1,1.72,0.73
70.53663659,248.9943272,19.80706246,2,2,6,0,2,3.53,0.28
73.31591786,196.4866599,18.38799786,2,6,1,2,0,2.68,0.25
62.86785795,133.9085374,10.01092975,2,6,4,1,0,2.13,0.16
14.35520849,37.03643791,35.24659269,1,1,2,1,2,2.58,2.46
74.78969508,207.9153523,10.3422527,2,2,3,1,2,2.78,0.14
41.98075323,142.734561,37.6206353,1,3,5,0,0,3.4,0.9
66.82312116,115.6039996,22.68582478,1,3,5,1,1,1.73,0.34
47.18840894,33.97565443,29.79361388,1,6,3,1,2,0.72,0.63
46.29599735,51.85151703,13.90486818,2,5,7,2,0,1.12,0.3
37.10851773,104.64602,20.35481155,1,1,2,2,2,2.82,0.55
71.97510218,88.52937568,32.02073545,2,1,5,2,1,1.23,0.44
42.69140538,76.1781742,31.0045626,1,6,4,1,1,2.9,0.73
45.13403808,178.2794504,10.67635887,2,6,3,2,0,3.95,0.24
23.92092197,76.5469503,6.984975882,0,6,4,2,1,3.2,0.29
40.6309235,151.1470354,9.165930228,0,3,4,1,2,3.72,0.23
75.40700954,130.4541265,9.081870691,1,3,0,2,1,1.73,0.12
42.69140538,76.1781742,31.58342176,3,5,7,0,0,3.3,0.74
36.49027788,136.1087365,23.36364121,3,1,2,2,2,3.73,0.64
67.56014288,65.53333859,37.67046404,0,4,7,0,1,0.97,0.56
52.57470179,41.0082674,12.3288539,1,5,5,2,1,0.78,0.23
28.27985715,23.18948286,24.96372469,1,5,0,2,1,0.82,0.88
28.8691248,20.78576985,46.05917303,1,3,4,0,0,0.72,1.6
13.11699851,41.71205525,25.79954837,3,2,1,1,0,3.18,1.97
21.42275953,73.4800652,28.07289558,0,1,7,0,1,3.43,1.31
45.11780648,62.26257294,7.070463344,1,3,0,1,2,1.38,0.16
26.29222408,26.29222408,33.69455231,0,4,2,2,1,1,1.28
51.63684234,74.8734214,13.47966679,0,1,0,1,2,1.45,0.26
44.81719082,99.49416361,32.94204562,2,5,2,1,2,2.22,0.74
19.36200574,64.28185907,35.25777163,3,6,7,0,0,3.32,1.82
55.39579144,198.3169334,12.86430721,0,1,6,1,1,3.58,0.23
22.01644361,57.68308226,35.94010098,2,1,0,1,0,2.62,1.63
67.38186056,268.179805,25.81518236,3,6,2,0,1,3.98,0.38
68.23834405,212.9036334,39.6850224,1,4,7,1,2,3.12,0.58
67.13334039,60.42000635,32.69770059,1,4,4,1,0,0.9,0.49
42.91893734,157.5125,22.07155669,2,1,5,0,0,3.67,0.51
42.69140538,76.1781742,22.6734294,1,3,0,0,0,0.8,0.53
35.32733225,134.9504092,25.36250423,2,6,3,0,2,3.82,0.72
74.51050318,204.9038838,29.59671413,2,2,1,1,0,2.75,0.4
42.69140538,76.1781742,17.34254109,1,1,6,2,1,0.53,0.41
49.73870005,185.5253512,19.58495549,3,6,6,0,1,3.73,0.39
23.52224181,45.16270428,0.671346505,2,5,5,0,2,1.92,0.03
44.95337165,178.4648855,26.37865051,3,2,5,1,0,3.97,0.59
66.70523645,193.4451857,32.28523073,3,6,7,2,1,2.9,0.48
44.06215479,125.5771412,5.449246049,2,3,3,2,0,2.85,0.12
14.02553302,8.836085801,10.7949894,3,1,7,1,1,0.63,0.77
21.76458667,79.44074136,23.20977594,2,0,7,0,2,3.65,1.07
16.55462396,33.93697913,30.01767025,1,4,0,1,1,2.05,1.81
15.47409609,45.95806538,15.06320695,1,1,5,2,1,2.97,0.97
43.5123471,168.8279068,6.619677868,1,6,3,0,1,3.88,0.15
38.59813941,124.6719903,45.04426936,1,2,6,2,2,3.23,1.17
45.07891732,126.2209685,6.556610944,1,2,5,2,1,2.8,0.15
58.77314552,48.19397932,22.0395108,3,6,6,2,2,0.82,0.37
65.53939778,70.12715562,32.84723523,3,4,6,2,2,1.07,0.5
79.21399696,108.5231758,22.48456536,3,1,4,0,1,1.37,0.28
62.91943735,213.926087,38.96704817,0,2,4,0,0,3.4,0.62
18.3997104,42.68732813,28.02151128,0,2,0,0,1,2.32,1.52
47.49230024,183.7952019,6.153396129,2,0,7,1,2,3.87,0.13
21.47142841,74.72057087,26.87453276,0,5,4,0,0,3.48,1.25
21.86794779,60.13685643,40.43305378,1,0,2,2,1,2.75,1.85
78.23764802,43.03070641,10.55371758,1,5,2,2,1,0.55,0.13
79.75044564,244.8338681,12.67489617,1,2,3,0,1,3.07,0.16
66.89909636,224.1119728,17.09197469,2,5,6,0,1,3.35,0.26
68.06928828,223.2672656,29.47225629,2,1,1,1,1,3.28,0.43
40.05179662,87.31291664,36.04711966,2,2,2,0,0,2.18,0.9
77.67782197,98.65083391,31.18668659,2,2,5,1,1,1.27,0.4
38.36041213,78.63884487,10.22554197,3,5,4,0,2,2.05,0.27
6.337534265,21.23073979,12.54793256,2,6,4,1,2,3.35,1.98
6.97877135,8.932827329,23.11595887,2,5,6,0,0,1.28,3.31
30.5491308,61.09826159,28.45569021,0,5,7,0,2,2,0.93
62.42036137,217.2228576,8.075374255,3,4,0,0,0,3.48,0.13
34.79315986,65.41114054,19.5875447,1,4,1,1,2,1.88,0.56
58.45788451,94.70177291,37.03351585,0,1,7,2,0,1.62,0.63
50.1626577,140.4554416,14.25426999,2,1,7,1,1,2.8,0.28
76.06503881,296.6536513,8.832716318,1,6,1,0,2,3.9,0.12
51.21630472,131.6259031,35.13982236,1,4,5,2,2,2.57,0.69
39.67713381,67.45112748,23.86068056,1,0,1,1,0,1.7,0.6
68.26902092,37.54796151,8.010477245,0,1,3,1,0,0.55,0.12
30.55001156,53.46252023,38.44179324,3,1,7,2,0,1.75,1.26
44.75866738,76.08973454,5.782817804,3,4,5,0,2,1.7,0.13
59.15730847,104.708436,20.11401486,1,4,3,2,0,1.77,0.34
57.14555997,73.14631676,13.62721841,2,6,7,0,1,1.28,0.24
42.69140538,76.1781742,38.299487,3,4,3,2,0,3.05,0.9
23.8368801,51.96439862,36.23594104,3,3,3,1,1,2.18,1.52
29.34959504,66.03658884,13.5072117,2,5,1,1,1,2.25,0.46
47.06092563,83.29783837,31.57940064,0,2,6,1,0,1.77,0.67
27.17017081,30.70229302,9.887290857,0,0,4,0,1,1.13,0.36
48.94232025,70.96636436,10.16370187,2,2,4,0,1,1.45,0.21
19.14653893,15.31723114,7.523935074,0,5,1,2,1,0.8,0.39
58.19728527,113.4847063,38.2962624,1,3,5,0,0,1.95,0.66
65.2009372,154.5262212,9.017936694,3,3,7,0,0,2.37,0.14
51.14211521,90.52154392,34.73970731,0,5,2,2,1,1.77,0.68
69.71594631,123.397225,37.11929537,1,2,4,0,2,1.77,0.53
41.97718284,150.2783146,19.5628167,1,5,5,2,1,3.58,0.47
69.42235104,65.95123349,10.83495891,1,1,5,0,0,0.95,0.16
78.98357945,124.7940555,32.75725728,1,3,0,0,1,1.58,0.41
8.527929006,5.543153854,17.86108716,1,2,1,1,1,0.65,2.09
54.86000329,141.5388085,18.79158393,2,5,0,0,0,2.58,0.34
48.50288659,189.1612577,13.98407365,3,1,4,2,0,3.9,0.29
52.53257448,76.172233,17.65431743,3,4,0,2,2,1.45,0.34
45.4711888,174.1546531,7.388725699,2,3,6,1,1,3.83,0.16
34.68026475,98.83875454,36.02625219,2,0,6,2,1,2.85,1.04
5.356309335,13.76571499,13.64725543,1,0,4,1,1,2.57,2.55
27.28221644,64.11320863,12.45233588,0,5,0,0,2,2.35,0.46
11.5147181,21.64767003,31.18678043,3,0,3,1,2,1.88,2.71
9.44816711,27.11623961,17.5933317,0,1,3,0,1,2.87,1.86
53.10449365,110.4573468,40.31753047,3,4,6,2,0,2.08,0.76
28.78805676,29.65169846,11.343567,1,5,0,1,1,1.03,0.39
51.20692409,148.5000799,24.57716644,0,6,5,2,1,2.9,0.48
7.275443511,21.9718394,34.65404091,3,2,0,2,1,3.02,4.76
42.69140538,76.1781742,38.37508853,3,3,4,2,0,3.12,0.9
74.34970162,271.3764109,31.42153777,1,0,1,2,2,3.65,0.42
79.96222628,226.2931004,13.1499163,0,0,2,2,2,2.83,0.16
57.23283445,208.8998458,5.663990127,1,5,4,1,1,3.65,0.1
39.22309337,49.81332859,11.95063658,0,2,3,2,1,1.27,0.3
10.4201108,24.48726039,8.942145214,0,2,2,1,1,2.35,0.86
47.19744469,135.9286407,9.988472791,3,0,7,1,0,2.88,0.21
64.45081158,239.7570191,31.66782213,2,0,1,1,1,3.72,0.49
37.8472973,150.2537703,8.33098317,0,6,4,2,0,3.97,0.22
42.69140538,76.1781742,8.818942546,0,2,0,2,1,1.2,0.21
79.26318452,49.1431744,27.60662109,1,1,7,1,1,0.62,0.35
38.61710109,20.46706358,10.40128286,0,3,2,2,1,0.53,0.27
24.40113304,62.7109119,24.13463552,0,5,0,1,2,2.57,0.99
26.17978326,17.80225262,26.59685476,0,5,1,2,1,0.68,1.02
42.69140538,76.1781742,22.85367292,0,6,5,2,1,1.88,0.54
28.68467334,21.513505,30.52226562,0,3,6,1,1,0.75,1.06
34.7267129,61.81354896,25.4786465,2,6,6,2,1,1.78,0.73
56.6575637,223.7973766,12.84652928,3,1,0,1,0,3.95,0.23
5.58379777,8.208182722,35.0091288,0,4,3,1,0,1.47,6.27
9.66966559,33.16695297,16.71682197,1,5,4,2,1,3.43,1.73
42.74479257,65.39953263,14.25574828,1,2,4,2,0,1.53,0.33
58.28185373,212.7287661,31.95299774,0,3,5,1,1,3.65,0.55
47.88862467,62.25521207,13.42605914,0,0,5,1,1,1.3,0.28
10.5581562,14.04234774,29.84300731,0,3,0,1,0,1.33,2.83
12.1284844,12.49233893,38.12124122,2,1,2,0,0,1.03,3.14
45.90925215,44.99106711,11.23449778,3,5,5,2,1,0.98,0.24
8.115370261,29.21533294,26.84686353,1,2,0,0,2,3.6,3.31
9.623141258,16.8404972,29.80554365,2,1,0,1,1,1.75,3.1
27.85421045,20.33357363,37.96070855,2,4,6,0,1,0.73,1.36
23.22263438,42.96187361,30.83715063,0,2,0,1,2,1.85,1.33
21.30857255,43.04331655,39.92534587,3,5,1,0,0,2.02,1.87
77.45749045,67.3880167,38.25663659,0,3,1,0,2,0.87,0.49
32.25299064,126.4317233,35.48158301,1,0,4,2,1,3.92,1.1
17.92928513,36.75503451,11.48334061,3,2,2,2,0,2.05,0.64
77.29578007,95.07380949,8.431094783,0,5,5,0,2,1.23,0.11
26.49300814,40.26937237,27.96868973,1,1,5,1,2,1.52,1.06
55.30273056,217.3397311,24.08202573,2,4,1,2,1,3.93,0.44
10.19225943,38.73058584,29.61595785,1,2,3,0,2,3.8,2.91
62.6340099,45.72282723,18.4840398,1,1,1,1,1,0.73,0.3
36.22941276,45.28676595,31.09005934,1,1,1,2,0,1.25,0.86
12.35040612,19.14312948,24.30929724,3,6,4,0,2,1.55,1.97
28.24851023,95.47996459,16.52212515,2,1,6,1,0,3.38,0.58
53.18988765,188.8241012,36.92869645,3,3,7,1,0,3.55,0.69
63.97196694,214.3060893,10.34010605,2,2,1,0,1,3.35,0.16
48.66355521,84.18795051,15.39957845,0,4,0,1,2,1.73,0.32
51.16176879,158.6014832,35.91280516,0,0,12,0,0,3.1,0.7
68.24465321,249.0929842,33.36036097,1,6,2,1,2,3.65,0.49
70.38483283,95.01952432,25.43714325,1,1,6,0,2,1.35,0.36
56.55292752,199.0663049,38.84657689,3,2,6,2,2,3.52,0.69
16.82777159,32.81415461,11.57976619,2,3,6,1,2,1.95,0.69
76.46827352,109.3496311,37.05839297,2,3,6,0,0,1.43,0.48
6.065161713,11.3418524,16.17803141,2,3,4,0,2,1.87,2.67
10.13770944,16.01758092,26.5542637,1,5,1,1,1,1.58,2.62
62.53761053,186.3620794,21.66319865,1,6,5,2,1,2.98,0.35
42.69140538,76.1781742,18.09921836,2,4,6,0,2,0.82,0.42
16.49721204,16.9921284,12.18922157,1,5,0,2,2,1.03,0.74
9.127828167,15.33475132,8.658388336,2,4,2,1,1,1.68,0.95
43.9998593,39.59987337,24.30918661,3,5,0,2,2,0.9,0.55
41.7666481,52.20831012,36.70441022,0,0,6,1,0,1.25,0.88
6.695332952,11.38206602,34.45915336,2,4,5,0,2,1.7,5.15
69.4391779,147.2110572,12.61264234,1,5,5,2,2,2.12,0.18
38.71120716,55.35702624,14.3618485,3,3,5,1,0,1.43,0.37
57.97765789,111.8968797,14.33823364,1,4,5,0,2,1.93,0.25
74.10752218,200.0903099,14.75800919,1,6,3,2,0,2.7,0.2
40.31906198,56.44668677,15.10026642,1,4,7,1,0,1.4,0.37
47.19807479,70.79711219,27.38521459,2,2,6,2,1,1.5,0.58
22.51563514,44.35580123,11.21994374,3,4,6,0,1,1.97,0.5
68.26093768,42.32178136,17.03441064,2,5,7,0,2,0.62,0.25
73.50597036,55.12947777,31.84900964,0,4,2,1,1,0.75,0.43
73.8693626,252.6332201,5.644054414,2,0,4,2,2,3.42,0.08
64.37713244,155.7926605,8.811798669,0,1,3,2,2,2.42,0.14
12.01009527,18.0151429,35.09170481,3,6,5,0,1,1.5,2.92
36.22621241,26.44513506,21.93271671,3,2,3,2,1,0.73,0.61
28.84698737,106.7338533,10.43087545,2,3,4,2,2,3.7,0.36
76.58011324,228.2087374,21.31685318,2,5,1,2,2,2.98,0.28
74.13419248,197.9382939,11.34921504,1,3,6,1,2,2.67,0.15
73.80921664,160.9040923,5.307741456,0,3,4,0,0,2.18,0.07
35.02666957,48.33680401,28.80826687,1,4,2,1,2,1.38,0.82
42.69140538,76.1781742,15.10853922,1,4,7,0,2,0.72,0.35
35.89954921,38.77151315,20.24627921,3,4,4,1,2,1.08,0.56
48.33018276,192.3541274,15.30369673,2,6,4,1,1,3.98,0.32
53.71493233,119.7842991,30.14366714,3,2,7,1,1,2.23,0.56
15.5583755,28.78299468,28.83648567,2,1,1,2,0,1.85,1.85
40.7367048,65.17872768,36.57452173,3,0,0,0,2,1.6,0.9
11.5797708,7.526851021,5.777750427,3,2,1,1,2,0.65,0.5
39.67667007,51.57967109,15.29852516,3,0,2,2,2,1.3,0.39
5.755335112,13.40993081,25.17200545,0,3,3,1,2,2.33,4.37
54.4865632,85.54390423,11.30078074,3,2,1,2,2,1.57,0.21
20.51871405,29.34176109,13.37200144,0,5,5,1,2,1.43,0.65
13.58796474,12.6368072,37.89794296,3,1,7,0,1,0.93,2.79
19.97640696,77.30869495,22.64215189,2,1,2,0,0,3.87,1.13
73.37136541,173.890136,11.86812162,0,6,4,1,1,2.37,0.16
75.62261391,204.1810575,17.79796611,2,2,6,1,1,2.7,0.24
15.56779578,25.99821895,18.54969564,2,4,6,1,1,1.67,1.19
36.63162352,68.50113598,31.16309139,2,1,5,1,0,1.87,0.85
6.307290913,9.019426005,23.87933114,0,2,2,2,2,1.43,3.79
52.18352149,129.4151333,12.9951544,1,4,3,0,0,2.48,0.25
42.69140538,76.1781742,36.8859008,0,6,6,2,1,2.03,0.86
17.21874448,12.56968347,15.17599523,1,3,1,0,1,0.73,0.88
48.14596961,112.1801092,31.83906197,0,3,0,1,1,2.33,0.66
25.12116467,54.51292732,14.44083823,3,2,3,0,1,2.17,0.57
67.90283934,167.7200132,25.57013992,1,2,1,1,2,2.47,0.38
43.25451714,75.695405,13.3747112,3,5,1,1,1,1.75,0.31
62.61550759,195.3603837,16.78765405,1,2,3,2,1,3.12,0.27
43.82590012,35.9372381,58.74667669,0,5,7,0,2,0.82,1.34
31.18702899,100.7341036,17.2637317,0,4,6,2,1,3.23,0.55
74.82644569,199.78661,26.21871804,1,3,3,2,2,2.67,0.35
42.69140538,76.1781742,22.94748659,3,4,7,2,0,1.7,0.54
78.89524911,198.8160278,7.260289754,2,3,4,2,2,2.52,0.09
10.24188589,11.98300649,34.65331381,1,3,3,0,1,1.17,3.38
5.144893572,16.82380198,21.48947597,1,1,0,0,2,3.27,4.18
59.92281442,182.764584,14.11772572,3,6,7,2,1,3.05,0.24
8.353019856,22.13550262,35.66061844,2,5,7,0,1,2.65,4.27
40.76283311,35.46366481,24.91450468,1,3,3,1,0,0.87,0.61
18.89056337,16.43479013,28.24275582,2,1,2,0,1,0.87,1.5
42.79819076,123.2587894,12.77662117,2,0,3,2,1,2.88,0.3
12.81436315,8.073048783,29.63541951,0,1,1,1,1,0.63,2.31
8.918418778,6.242893144,8.640023654,3,4,1,1,2,0.7,0.97
0.121143295,0.373121349,37.71055485,1,0,2,1,1,3.08,311.29
10.91135579,33.49786229,15.13522671,1,1,5,1,1,3.07,1.39
7.858868389,10.45229496,36.51188192,2,2,0,1,1,1.33,4.65
70.1713546,108.7655996,13.92100754,1,6,3,2,0,1.55,0.2
15.18743213,20.50303338,26.15309479,2,5,2,2,0,1.35,1.72
77.86131613,309.109425,37.13040463,1,2,0,1,2,3.97,0.48
37.18929365,41.65200888,17.77424892,3,0,0,2,0,1.12,0.48
25.71192393,55.28063644,29.45116374,1,3,5,0,0,2.15,1.15
9.086246708,33.61911282,16.94513542,2,6,5,2,2,3.7,1.86
27.00471086,78.85375571,38.52706304,2,3,2,0,0,2.92,1.43
6.661747206,24.44861225,30.89770569,1,1,6,2,1,3.67,4.64
53.64842443,71.35240449,14.66503914,1,2,2,0,1,1.33,0.27
40.65621778,112.6177233,38.44754632,2,4,0,0,1,2.77,0.95
71.16250434,201.3898873,23.70127505,0,4,4,1,0,2.83,0.33
16.11111132,52.84444512,25.79939071,0,6,4,2,2,3.28,1.6
58.91061762,82.47486467,9.749992695,1,4,1,1,0,1.4,0.17
8.751670019,20.12884104,5.043208361,3,5,0,0,2,2.3,0.58
31.88807234,125.3201243,21.14919718,1,3,4,2,1,3.93,0.66
64.0437727,213.2657631,38.26495024,3,6,0,2,2,3.33,0.6
56.04529026,68.37525412,13.46637064,1,6,7,1,1,1.22,0.24
10.31787223,23.93746357,25.08585568,2,4,3,2,0,2.32,2.43
72.79850068,272.9943775,19.06124363,1,6,5,2,0,3.75,0.26
67.88757428,215.2036105,9.410223532,3,1,3,2,2,3.17,0.14
41.24835865,124.5700431,34.56122689,3,0,5,0,0,3.02,0.84
35.02411119,112.777638,8.515026701,1,2,5,1,2,3.22,0.24
54.91320566,143.8725988,32.21803368,1,0,1,0,0,2.62,0.59
51.023353,113.7820772,39.1307183,0,3,1,1,0,2.23,0.77
62.63359253,40.71183515,17.68230665,1,2,0,0,0,0.65,0.28
42.69140538,76.1781742,37.22043017,1,4,6,0,2,2.15,0.87
42.22277026,124.5571723,22.33210531,2,5,1,0,2,2.95,0.53
60.08034819,138.1848008,17.11106784,3,5,6,0,2,2.3,0.28
47.20021555,107.6164915,28.55912871,0,4,5,1,0,2.28,0.61
58.55989952,226.6268111,9.835438648,2,3,7,2,1,3.87,0.17
18.5290607,52.25195117,18.26605916,1,4,1,1,2,2.82,0.99
20.02631386,73.09604558,28.40861579,3,6,4,2,1,3.65,1.42
61.12076152,178.4726236,29.08311231,1,5,7,1,2,2.92,0.48
47.99575166,98.3912909,10.67507512,1,0,2,1,2,2.05,0.22
60.70480471,92.8783512,38.66687047,1,4,6,1,1,1.53,0.64
35.84392989,67.38658819,9.078226155,1,3,7,1,1,1.88,0.25
77.2613209,69.53518881,28.10453406,3,3,1,0,0,0.9,0.36
44.8755734,30.51538991,9.096976064,2,0,4,1,1,0.68,0.2
61.56734925,182.8550273,8.42112691,1,2,1,1,2,2.97,0.14
24.79706406,22.31735765,14.31336323,1,0,7,2,1,0.9,0.58
73.07614589,48.96101775,37.44777918,0,3,2,0,1,0.67,0.51
6.535781252,10.13046094,14.00199756,0,5,2,0,1,1.55,2.14
22.57288245,86.45413978,22.22480423,3,2,0,1,1,3.83,0.98
56.51645588,145.8124562,38.13296108,1,0,0,1,0,2.58,0.67
42.69140538,76.1781742,14.66733714,1,6,1,0,2,1.32,0.34
76.44990711,279.0421609,11.34611166,1,6,3,0,2,3.65,0.15
51.49234638,101.4399224,21.37952636,3,5,5,1,2,1.97,0.42
55.78259573,118.8169289,8.048298781,3,6,1,1,0,2.13,0.14
67.7766598,164.0195167,38.00070015,1,4,2,1,1,2.42,0.56
37.05562159,77.07569291,38.64530824,1,2,7,2,2,2.08,1.04
40.27129522,138.1305426,14.40244266,3,5,3,0,2,3.43,0.36
44.76974192,32.23421418,29.60976805,1,2,2,2,1,0.72,0.66
38.21376481,19.10688241,22.23454649,2,3,6,0,2,0.5,0.58
65.12042575,258.5280902,14.95614055,2,0,7,0,1,3.97,0.23
64.00002117,57.60001905,29.52794615,3,4,0,0,0,0.9,0.46
5.013889647,18.05000273,24.11440833,2,5,1,0,2,3.6,4.81
49.97892583,83.9645954,34.37326518,0,0,3,0,2,1.68,0.69
42.69140538,76.1781742,21.59110538,1,0,0,1,1,1.63,0.51
74.93688348,202.3295854,38.30264742,0,0,4,2,0,2.7,0.51
40.25719688,89.77354905,18.66412193,0,0,6,2,2,2.23,0.46
51.20288963,150.0244666,39.19681508,0,0,0,0,1,2.93,0.77
54.88496451,47.74991913,31.99328333,2,5,5,2,0,0.87,0.58
50.61599543,31.88807712,28.05083134,1,6,0,2,1,0.63,0.55
55.65533279,136.3555653,31.64424984,1,0,2,1,2,2.45,0.57
48.7576726,99.95322884,11.65064417,3,3,5,0,2,2.05,0.24
72.95818105,251.7057246,20.51806392,0,3,3,1,2,3.45,0.28
58.11274414,167.3647031,36.43538614,2,4,3,2,1,2.88,0.63
56.52037668,58.21598798,9.434171312,0,5,1,0,0,1.03,0.17
42.69140538,76.1781742,20.98159617,0,1,0,0,2,2.65,0.49
28.78049141,20.72195381,27.52125904,1,6,7,0,2,0.72,0.96
9.047732107,4.523866054,25.26991752,3,4,3,0,1,0.5,2.79
51.08539267,101.1490775,7.181392583,2,3,0,0,2,1.98,0.14
36.26259614,129.8200942,35.14611587,1,0,1,0,1,3.58,0.97
77.45420996,152.5847936,5.691471522,0,5,4,1,2,1.97,0.07
68.21934426,196.4717115,17.26707379,1,5,4,1,0,2.88,0.25
57.67538256,226.6642535,33.67417017,0,0,0,2,2,3.93,0.58
20.17078858,39.93816139,37.25540969,2,3,2,0,1,1.98,1.85
78.16770975,265.7702132,37.74488598,1,4,1,0,2,3.4,0.48
76.95348908,257.7941884,35.72732643,1,5,7,1,1,3.35,0.46
62.74942109,247.8602133,33.00898378,1,2,1,2,1,3.95,0.53
47.63041182,34.29389651,18.48377514,1,3,3,2,1,0.72,0.39
51.73713153,156.2461372,16.05186457,1,3,3,0,0,3.02,0.31
41.88651471,97.59557927,26.35535794,2,6,3,2,0,2.33,0.63
71.95569072,254.0035883,26.30986376,3,4,7,2,2,3.53,0.37
39.93276466,114.6070346,20.71656542,2,3,5,0,1,2.87,0.52
30.57628198,57.17764731,22.33713963,1,0,6,0,0,1.87,0.73
73.6065426,123.6589916,25.48078153,0,3,1,0,1,1.68,0.35
14.10985782,44.86934786,13.57133391,0,4,6,1,2,3.18,0.96
38.95760971,103.2376657,10.63661626,1,2,6,0,1,2.65,0.27
60.718154,56.46788322,20.47269757,3,3,0,2,0,0.93,0.34
79.27808222,136.3583014,38.07334631,1,4,2,1,0,1.72,0.48
30.27520935,64.48619592,15.67037974,2,3,4,2,1,2.13,0.52
42.69140538,76.1781742,13.48821689,3,1,2,1,1,1.68,0.32
50.92256839,44.3026345,30.00753824,3,0,4,0,1,0.87,0.59
58.92443565,95.45758576,18.00718344,2,6,2,2,1,1.62,0.31
6.268235994,17.86447258,7.738396235,3,0,1,1,1,2.85,1.23
13.08918321,48.03730239,26.60432005,1,1,4,2,1,3.67,2.03
31.10226145,75.57849533,19.36324314,1,0,0,0,2,2.43,0.62
42.69140538,76.1781742,8.598943959,0,0,2,1,2,2.25,0.2
27.69441145,56.21965524,7.234004136,2,6,6,2,0,2.03,0.26
50.51448559,79.30774237,11.06019964,3,1,2,1,1,1.57,0.22
20.84637782,33.77113206,15.76765636,3,0,4,0,2,1.62,0.76
45.61965971,119.5235084,36.9505845,3,2,6,1,1,2.62,0.81
39.68676578,60.72075164,13.11793387,1,3,6,1,0,1.53,0.33
6.818019427,16.15870604,22.3665077,2,0,3,2,2,2.37,3.28
55.17152826,109.2396259,10.73005935,1,5,7,1,1,1.98,0.19
152.238758,278.5969271,32.58754885,3,0,5,0,1,1.83,0.21
60.28854286,132.6347943,34.58591235,1,6,4,2,1,2.2,0.57
16.37637108,60.26504559,13.79587456,3,5,0,1,1,3.68,0.84
37.61011503,118.4718624,32.77849499,3,2,1,0,1,3.15,0.87
38.00957724,91.98317692,7.779103429,1,3,1,0,1,2.42,0.2
51.8912794,203.932728,13.04850845,3,2,3,1,0,3.93,0.25
9.889982503,6.922987752,19.35398591,1,2,0,1,1,0.7,1.96
73.62743176,273.8940461,27.40211497,0,1,3,2,1,3.72,0.37
10.33664419,26.35844269,31.68579536,1,2,7,0,2,2.55,3.07
69.1059599,202.4804625,20.79235501,0,4,7,0,1,2.93,0.3
18.30737392,55.28826923,31.24650919,0,6,7,0,1,3.02,1.71
41.74488149,81.40251891,16.29318283,1,1,6,1,2,1.95,0.39
42.69140538,76.1781742,37.42270393,2,5,6,1,2,0.67,0.88
39.15231009,140.9483163,29.70099612,2,4,4,1,1,3.6,0.76
37.11856726,27.0965541,15.12203106,1,1,5,2,0,0.73,0.41
35.34544122,22.97453679,60.40252537,1,6,2,0,2,0.65,1.71
18.03437795,21.1002222,19.45594891,3,5,5,0,2,1.17,1.08
42.69140538,76.1781742,40.21015485,3,6,0,1,1,3.07,0.94
45.6603132,165.2903338,31.62664157,1,6,6,2,2,3.62,0.69
37.97418005,64.55610609,12.13245941,2,5,1,2,1,1.7,0.32
45.39375394,61.28156782,32.85775433,3,2,3,2,0,1.35,0.72
29.98141611,78.5513102,24.37855646,3,0,6,2,0,2.62,0.81
6.006718634,5.706382702,30.03534817,2,6,7,2,1,0.95,5
6.623592694,10.39904053,26.55451746,1,2,7,1,0,1.57,4.01
11.43132882,8.80212319,16.13898722,2,3,0,1,1,0.77,1.41
78.93551158,163.396509,7.874398362,0,5,2,1,2,2.07,0.1
58.74152298,196.784102,20.60863906,3,6,6,0,2,3.35,0.35
68.83331194,191.3566072,39.37776033,3,0,6,2,1,2.78,0.57
59.21757556,90.6028906,33.59882883,3,3,7,2,1,1.53,0.57
40.85727641,162.6119601,35.75166695,2,5,1,0,2,3.98,0.88
56.06964025,190.6367768,37.30963118,2,1,4,2,1,3.4,0.67
78.23675255,87.62516286,17.72838397,1,1,6,2,2,1.12,0.23
17.47337752,28.8310729,13.8533498,3,2,5,2,1,1.65,0.79
26.2210676,58.21077008,33.15126795,0,1,0,2,2,2.22,1.26
70.0973335,271.977654,15.91825032,1,4,5,2,0,3.88,0.23
55.40858451,75.90976078,33.46392329,2,6,7,1,0,1.37,0.6
33.47231506,131.211475,33.63724165,0,6,6,2,2,3.92,1
53.57520171,179.4769257,37.02202644,1,5,0,1,2,3.35,0.69
11.28842885,27.88241926,16.3851015,2,4,4,1,2,2.47,1.45
6.26910076,10.78285331,11.24307822,0,6,3,1,2,1.72,1.79
42.95272027,59.27475397,16.52504408,1,5,2,1,2,1.38,0.38
43.24493716,35.46084847,26.8737231,0,0,7,0,0,0.82,0.62
12.44216721,22.39590097,18.7954663,2,6,5,1,2,1.8,1.51
29.18339676,29.18339676,31.66548969,1,2,3,0,1,1,1.09
74.18267083,202.5186914,22.26176803,2,6,6,0,0,2.73,0.3
72.08924277,104.529402,20.28862372,3,0,4,1,2,1.45,0.28
25.32972426,56.4852851,16.59292807,3,0,3,2,1,2.23,0.66
58.50930203,38.03104632,30.09365955,0,6,4,2,0,0.65,0.51
76.57770217,49.77550641,9.014286224,3,0,2,1,1,0.65,0.12
32.02408533,36.18721642,22.47283042,2,5,5,1,2,1.13,0.7
63.43204575,195.3707009,19.84916523,0,6,6,0,1,3.08,0.31
8.259211353,25.76873942,14.43952678,1,6,4,0,1,3.12,1.75
65.03081469,71.53389616,22.15968713,2,1,3,2,0,1.1,0.34
39.18998751,96.79926916,27.62941229,1,2,5,0,1,2.47,0.71
79.35737687,126.971803,17.50476255,1,6,7,0,1,1.6,0.22
76.66382798,91.99659358,37.12866932,1,3,0,1,0,1.2,0.48
54.31762293,213.4682581,34.42250307,1,1,5,0,2,3.93,0.63
31.55147285,42.59448835,36.80516248,2,0,3,0,1,1.35,1.17
45.81366157,99.4156456,7.400772164,3,2,0,0,2,2.17,0.16
60.38629791,85.74854304,25.99392993,2,2,6,2,0,1.42,0.43
32.59888079,57.04804138,38.58740741,3,0,6,1,2,1.75,1.18
0.045771842,0.074150384,29.96966713,1,5,4,2,1,1.62,654.76
53.39896875,147.9151434,21.94185917,3,1,4,1,1,2.77,0.41
73.45257578,165.2682955,14.88902023,1,6,4,1,2,2.25,0.2
75.52338507,194.0950996,10.10258123,0,1,2,0,2,2.57,0.13
42.69140538,76.1781742,30.9757002,1,0,2,2,1,2.02,0.73
65.03863434,56.58361188,6.822729504,3,0,7,2,0,0.87,0.1
63.99117023,234.8475947,34.00850465,0,3,6,0,1,3.67,0.53
65.93421331,151.6486906,11.90206996,0,5,7,2,1,2.3,0.18
26.75691987,40.13537981,9.580137321,1,2,2,1,2,1.5,0.36
8.823831028,28.94216577,22.20870525,2,2,2,1,1,3.28,2.52
73.78086491,90.0126552,13.46596268,3,0,6,1,2,1.22,0.18
26.51094686,80.06305951,10.12840369,0,1,0,0,0,3.02,0.38
77.63851677,269.4056532,33.52441776,2,2,7,2,1,3.47,0.43
78.13016919,279.7060057,9.48731332,1,3,11,1,0,3.58,0.12
5.602389791,17.75957564,30.14974462,1,3,3,0,0,3.17,5.38
20.09377734,15.07033301,22.70277602,1,6,3,1,1,0.75,1.13
40.2760444,34.23463774,20.63337036,1,6,7,1,2,0.85,0.51
53.9569817,77.15848383,14.88744926,3,1,2,2,2,1.43,0.28
60.61379392,92.13296677,12.50819555,0,5,4,0,1,1.52,0.21
63.30842212,143.7101182,25.09427328,3,6,5,1,2,2.27,0.4
38.60563637,153.6504327,33.72452927,0,1,5,1,2,3.98,0.87
65.60582508,109.5617279,21.66331257,2,1,5,0,0,1.67,0.33
46.61987333,92.30734919,16.70682128,2,0,5,0,2,1.98,0.36
49.36321491,82.93020105,25.56981605,0,2,1,2,2,1.68,0.52
24.8745406,41.04299199,19.97039304,1,0,7,1,1,1.65,0.8
54.36218574,53.27494202,26.47870818,2,2,7,2,0,0.98,0.49
6.443672289,14.17607904,8.855377385,3,5,7,1,2,2.2,1.37
28.21564939,84.64694817,26.55168287,0,5,1,2,1,3,0.94
42.28553478,43.13124548,12.96377159,2,5,5,1,2,1.02,0.31
76.17330081,146.2527376,17.68377082,0,1,0,0,0,1.92,0.23
34.99715934,50.04593786,8.163073829,1,1,3,2,0,1.43,0.23
26.50967969,60.97226329,24.68663674,0,0,2,0,0,2.3,0.93
34.95512441,22.02172838,9.964164321,2,6,1,1,0,0.63,0.29
62.04623037,62.04623037,37.5475732,0,3,5,0,0,1,0.61
69.87454798,116.6904951,6.585619842,2,2,4,2,0,1.67,0.09
10.43167346,28.8957355,38.60614036,2,2,7,2,1,2.77,3.7
46.53802192,32.57661534,34.71146141,2,5,3,0,0,0.7,0.75
53.20639355,190.4788889,33.42375184,3,2,2,1,2,3.58,0.63
42.69140538,76.1781742,21.46562099,1,4,4,2,2,2.67,0.5
26.967931,28.85568617,28.82201205,1,5,6,1,2,1.07,1.07
68.51919497,56.87093182,33.00482798,0,3,2,2,2,0.83,0.48
71.70850688,111.1481857,37.09584883,0,2,7,1,0,1.55,0.52
79.24854612,164.0444905,13.89096924,2,0,1,1,0,2.07,0.18
34.14920012,118.8392164,13.07791792,1,2,5,0,1,3.48,0.38
66.70625111,70.04156366,9.156859453,0,1,6,1,0,1.05,0.14
30.77354813,76.93387033,13.85136957,0,0,1,2,2,2.5,0.45
24.15578156,77.298501,13.89640731,1,0,0,0,1,3.2,0.58
10.34760669,7.553752883,39.77677752,2,0,7,2,1,0.73,3.84
26.30453466,65.23524595,9.562222233,0,4,3,0,1,2.48,0.36
26.73032004,55.59906568,26.76438553,2,4,1,0,1,2.08,1
48.61478557,28.19657563,31.49966171,1,2,0,1,0,0.58,0.65
1.330225739,3.0595192,11.81086325,1,5,0,1,1,2.3,8.88
44.01595166,92.43349848,32.93537303,0,2,5,2,0,2.1,0.75
18.43394631,18.80262524,10.40611262,0,2,2,2,1,1.02,0.56
37.70311872,131.2068531,24.67286655,1,2,5,1,0,3.48,0.65
56.19836617,105.0909447,19.62083618,2,3,1,2,0,1.87,0.35
73.27597597,225.690006,23.61457792,2,1,7,2,2,3.08,0.32
76.8924001,188.3863802,39.79452835,3,0,2,1,0,2.45,0.52
23.92505033,88.04418522,21.82808777,1,6,1,0,1,3.68,0.91
50.48944003,90.88099205,15.83807579,0,3,0,1,1,1.8,0.31
66.09153403,117.6429306,14.80646804,1,5,2,2,0,1.78,0.22
6.91842374,20.27098156,9.213901142,0,5,1,0,0,2.93,1.33
42.69140538,76.1781742,23.95433916,2,0,3,1,0,2.27,0.56
61.03806279,157.478202,35.55107475,0,5,5,0,0,2.58,0.58
64.22961964,46.88762233,14.83104278,3,0,2,2,2,0.73,0.23
44.88676331,122.0919962,7.093616315,2,5,7,0,2,2.72,0.16
58.94085857,100.1994596,37.33339445,3,2,6,2,2,1.7,0.63
10.03981781,21.78640464,26.59423983,1,1,2,1,2,2.17,2.65
17.5349313,37.17405435,26.11611064,0,3,4,0,2,2.12,1.49
29.75838484,96.71475073,20.06533023,2,3,1,0,0,3.25,0.67
69.59647496,64.02875696,38.12949571,0,5,6,0,2,0.92,0.55
49.93390136,198.7369274,28.28648184,3,3,2,2,2,3.98,0.57
14.49216024,29.27416368,16.38466732,2,5,3,1,0,2.02,1.13
38.40940163,98.71216218,19.82676712,3,6,2,1,0,2.57,0.52
8.234584116,28.57400688,8.682242515,2,3,3,2,1,3.47,1.05
34.86162084,59.26475543,24.30133396,1,1,3,0,1,1.7,0.7
57.927466,146.556489,31.53614328,1,3,5,2,1,2.53,0.54
49.40924273,67.69066254,38.92015133,0,2,5,2,2,1.37,0.79
9.980781528,35.43177442,21.09500367,3,1,5,1,0,3.55,2.11
29.05244638,104.588807,7.677142064,3,3,4,2,1,3.6,0.26
42.09423335,159.1162021,3.668584746,2,1,0,0,1,3.78,0.09
45.76954763,81.46979479,14.0233375,1,3,4,2,2,1.78,0.31
53.71328701,108.5008398,29.02733721,0,5,4,2,1,2.02,0.54
66.40550757,237.7317171,35.47430758,1,4,0,2,0,3.58,0.53
11.4569123,22.34097899,27.02672902,3,5,2,0,0,1.95,2.36
75.5709645,52.89967515,5.985014837,0,0,4,2,1,0.7,0.08
44.36125628,53.23350753,6.979177241,1,3,7,1,0,1.2,0.16
28.2530314,49.44280496,12.17243015,1,6,4,2,1,1.75,0.43
39.48883107,52.52014532,27.76749946,2,1,7,2,1,1.33,0.7
25.36585765,20.29268612,7.143473729,2,0,6,1,0,0.8,0.28
69.21096127,205.556555,5.550899029,3,2,5,1,0,2.97,0.08
34.60220459,87.19755558,29.23900984,1,0,6,1,2,2.52,0.85
40.78700348,35.89256306,22.86464784,2,4,3,1,2,0.88,0.56
21.87125329,20.12155303,25.98727687,1,3,1,1,1,0.92,1.19
47.23207084,159.1720787,37.90032642,0,1,2,1,0,3.37,0.8
42.69140538,76.1781742,13.93043686,1,5,5,0,1,3.08,0.33
18.79049305,46.60042277,39.51619105,1,1,3,2,2,2.48,2.1
47.28525433,87.47772052,11.96655487,3,6,1,0,1,1.85,0.25
30.16557066,64.85597693,27.38847364,0,1,5,0,0,2.15,0.91
34.89511327,108.1748511,33.67501827,0,0,1,1,0,3.1,0.97
54.96447202,42.32264346,38.77291672,2,0,3,2,2,0.77,0.71
74.7858194,121.1530274,31.30213529,0,5,7,0,1,1.62,0.42
34.79054782,42.44446834,31.8011366,3,5,5,2,1,1.22,0.91
69.13309025,103.6996354,17.38741683,2,5,2,2,0,1.5,0.25
38.08536377,96.35597034,15.63165131,1,2,7,1,2,2.53,0.41
27.75274592,56.33807421,17.09071969,0,3,1,2,0,2.03,0.62
41.65484517,156.2056694,33.38775732,1,6,3,0,0,3.75,0.8
35.3868254,60.86533969,38.40350412,2,2,7,0,2,1.72,1.09
68.56767861,207.7600662,24.53486846,0,2,2,1,0,3.03,0.36
42.69140538,76.1781742,6.563206185,2,2,6,0,1,1.6,0.15
36.46547334,84.96455288,9.94150946,2,1,1,1,1,2.33,0.27
44.64048953,23.21305455,17.65872598,0,4,6,0,1,0.52,0.4
40.27163575,79.33512243,25.54888945,0,3,2,0,0,1.97,0.63
34.43336364,118.1064373,12.64595746,2,1,3,1,2,3.43,0.37
42.69140538,76.1781742,31.47293151,3,5,3,2,2,3.78,0.74
18.56138593,17.07647505,7.251346809,0,6,1,1,2,0.92,0.39
59.79776909,228.4274779,22.93421502,2,2,4,2,2,3.82,0.38
59.76831247,127.3065056,39.29790891,1,1,2,2,2,2.13,0.66
36.70152016,34.13241375,5.555604763,1,3,6,1,0,0.93,0.15
10.23177592,20.15659857,36.64488957,0,0,5,1,2,1.97,3.58
24.23053686,70.75316764,23.52913872,0,3,5,1,1,2.92,0.97
21.70612433,76.40555764,8.123500316,1,2,5,2,0,3.52,0.37
57.8962718,28.9481359,23.08515639,2,3,5,2,1,0.5,0.4
35.17106494,127.6709657,39.91104151,2,1,1,2,2,3.63,1.13
15.72955117,34.60501256,19.6337703,2,0,5,2,2,2.2,1.25
34.07799973,90.98825929,19.57002063,3,1,1,1,1,2.67,0.57
26.05024408,97.68841528,36.21603706,0,1,2,1,1,3.75,1.39
21.84790823,25.56205263,11.767449,3,2,0,2,0,1.17,0.54
15.42551088,49.82440014,22.76810728,3,1,1,0,2,3.23,1.48
13.65069804,18.15542839,38.31431024,3,5,5,1,2,1.33,2.81
24.77565939,18.08623136,7.640747742,3,3,7,0,2,0.73,0.31
67.45812734,41.82403895,29.51862405,2,0,4,0,1,0.62,0.44
12.04324736,13.48843705,22.74283976,0,6,5,0,2,1.12,1.89
61.2314659,145.7308888,38.66270263,0,4,7,2,0,2.38,0.63
23.19329022,43.37145271,5.811559056,3,3,7,1,0,1.87,0.25
48.38617698,68.70837131,15.98658936,0,2,7,0,1,1.42,0.33
29.68080627,100.9147413,21.06445774,1,0,3,2,1,3.4,0.71
25.08836904,55.19441189,21.52923874,2,5,5,1,0,2.2,0.86
42.69140538,76.1781742,19.80559334,0,0,6,2,1,2.78,0.46
56.1150925,122.3309017,16.3478361,2,6,7,1,1,2.18,0.29
15.89873423,28.29974692,12.06768036,1,2,7,1,2,1.78,0.76
41.15701391,141.1685577,13.44237938,2,0,5,2,0,3.43,0.33
41.90586399,138.2893512,26.72808826,1,3,5,0,2,3.3,0.64
8.33578916,15.58792573,8.212490084,3,5,4,1,0,1.87,0.99
90.23550358,88.43079351,35.02884819,0,2,1,1,2,0.98,0.39
18.10247227,10.31840919,37.69680547,3,5,3,0,0,0.57,2.08
59.19854015,146.2203942,7.034850999,0,2,6,1,0,2.47,0.12
42.69140538,76.1781742,11.57425868,3,4,5,0,0,3.8,0.27
15.77476306,15.77476306,36.22553466,1,6,7,1,1,1,2.3
75.09027362,261.3141522,6.123307927,0,4,3,0,2,3.48,0.08
23.9150038,20.8060533,5.587219999,3,3,2,1,1,0.87,0.23
13.81997124,17.68956319,20.83704762,2,3,7,1,1,1.28,1.51
79.97267191,183.9371454,8.471445141,2,3,5,1,0,2.3,0.11
5.163807088,5.938378151,7.411839346,3,1,2,0,0,1.15,1.44
55.09525584,31.95524839,8.631878816,1,3,3,1,1,0.58,0.16
38.1882111,42.77079643,8.644366685,3,5,6,2,1,1.12,0.23
41.13168723,135.7345679,10.68119517,2,4,4,2,1,3.3,0.26
55.1998384,118.6796526,13.32259474,0,5,6,2,0,2.15,0.24
72.31121636,67.24943121,23.89374911,0,2,0,1,0,0.93,0.33
37.4938057,145.1010281,7.392687496,3,5,7,0,0,3.87,0.2
55.37495429,90.26117549,8.623498537,0,1,2,0,2,1.63,0.16
33.46739898,47.85838055,33.2242609,2,5,6,1,1,1.43,0.99
53.35952018,41.08683054,23.05786523,0,2,0,2,1,0.77,0.43
76.03768938,126.9829413,14.95695677,3,2,4,0,2,1.67,0.2
9.793349071,12.43755332,20.91127456,3,4,6,1,1,1.27,2.14
45.45344885,81.81620793,39.59705008,3,3,7,0,1,1.8,0.87
31.72868229,73.6105429,28.37686054,2,6,0,2,1,2.32,0.89
76.16478844,53.31535191,26.76560963,1,0,4,2,2,0.7,0.35
59.16864336,165.6722014,18.81699477,0,4,1,0,2,2.8,0.32
15.10403338,38.51528512,22.01217435,3,1,6,1,1,2.55,1.46
66.24653781,152.367037,13.36898158,1,0,3,1,0,2.3,0.2
30.72616074,60.83779826,37.96466229,3,5,5,0,1,1.98,1.24
77.69304557,149.1706475,21.98859047,3,4,0,2,1,1.92,0.28
77.12500791,155.792516,29.78525366,2,0,1,1,0,2.02,0.39
8.28243854,7.288545915,27.32656052,2,3,2,0,1,0.88,3.3
50.53053057,85.90190196,5.114862623,1,3,0,0,1,1.7,0.1
64.93050646,35.71177855,38.45485061,3,4,2,2,2,0.55,0.59
42.69140538,76.1781742,11.08305211,0,3,5,2,1,2.37,0.26
55.62849667,69.53562084,25.71781875,0,5,6,1,0,1.25,0.46
41.9932622,32.75474451,30.37971193,0,2,4,1,2,0.78,0.72
38.69718657,46.43662388,12.73212185,1,4,5,1,2,1.2,0.33
62.26265635,245.9374926,17.18551041,2,1,2,2,0,3.95,0.28
35.84413909,113.6259209,13.90718177,1,0,6,0,0,3.17,0.39
55.46883682,112.6017387,14.8289124,2,0,0,1,2,2.03,0.27
19.72154001,43.38738802,9.040987724,0,0,1,1,1,2.2,0.46
68.45025675,174.5481547,14.50284744,0,4,4,1,1,2.55,0.21
79.94974411,51.96733367,17.62313935,2,5,6,0,2,0.65,0.22
60.46898673,102.7972774,19.64928413,0,4,1,1,1,1.7,0.32
35.38265953,127.3775743,16.08433954,1,4,5,1,2,3.6,0.45
37.68802767,37.68802767,33.81185989,2,3,1,2,0,1,0.9
20.79343929,64.04379301,16.0761866,0,2,6,2,1,3.08,0.77
53.3628947,78.97708416,13.61191947,3,0,4,2,1,1.48,0.26
24.26733545,64.79378566,15.80635452,0,5,6,0,2,2.67,0.65
68.20904346,167.1121565,38.64636513,3,6,5,2,2,2.45,0.57
27.70606779,97.80241928,38.03642616,0,5,4,1,1,3.53,1.37
76.68731223,55.2148648,35.26539493,3,3,1,1,1,0.72,0.46
45.36457788,162.4051888,33.71264719,0,4,5,0,1,3.58,0.74
27.49804311,78.91938373,8.154864479,3,1,3,0,0,2.87,0.3
74.70693088,38.84760406,38.76617352,2,5,1,1,1,0.52,0.52
37.52045251,33.01799821,12.97764301,2,0,0,0,1,0.88,0.35
24.04346935,94.25039985,25.48534741,3,1,1,1,2,3.92,1.06
9.516527333,14.75061737,15.14128111,0,6,0,2,0,1.55,1.59
39.88426994,151.5602258,20.33961039,1,6,4,1,2,3.8,0.51
5.755524649,12.374378,34.39969185,1,1,3,0,1,2.15,5.98
13.0035395,30.94842401,18.40804196,1,3,6,2,0,2.38,1.42
21.35157384,18.78938498,19.29558104,1,6,6,1,1,0.88,0.9
48.84665067,149.9592176,17.93295404,3,1,3,0,0,3.07,0.37
9.206012695,29.735421,34.44812381,2,4,7,0,0,3.23,3.74
19.93670718,39.87341436,37.01873128,2,1,3,2,0,2,1.86
42.69140538,76.1781742,12.42690394,1,4,2,1,0,3.27,0.29
76.18778788,279.6091815,22.64610297,2,3,0,1,0,3.67,0.3
72.94073166,286.6570754,35.85886985,3,0,6,0,0,3.93,0.49
24.54169745,22.57836165,31.05774628,1,0,5,2,2,0.92,1.27
7.446816605,11.69150207,15.13422631,3,6,2,1,2,1.57,2.03
17.19903903,42.6536168,38.88617414,3,2,1,2,1,2.48,2.26
42.69140538,76.1781742,8.331034986,0,2,1,0,0,0.55,0.2
72.27855412,224.0635178,11.98951456,3,1,7,1,0,3.1,0.17
18.01705101,9.008525503,17.78455297,0,3,4,0,2,0.5,0.99
59.12662934,78.04715073,37.98580057,1,4,0,1,1,1.32,0.64
35.86668099,83.2106999,25.0307755,3,0,5,0,1,2.32,0.7
5.200112601,14.56031528,30.86544603,2,3,2,1,2,2.8,5.94
28.77227403,49.48831133,17.02009836,1,0,6,2,2,1.72,0.59
61.90801717,222.8688618,31.22274619,3,0,3,1,0,3.6,0.5
35.01760652,53.22676191,26.82822767,3,6,3,1,2,1.52,0.77
14.80448874,27.0922144,33.99393418,2,0,3,0,0,1.83,2.3
65.10291874,209.6313983,31.70105644,0,2,4,1,1,3.22,0.49
18.12095103,25.73175046,15.36501075,3,5,7,1,0,1.42,0.85
61.63104966,143.6003457,32.96419115,3,6,3,1,2,2.33,0.53
71.80591939,59.59891309,21.0067838,2,1,2,0,0,0.83,0.29
45.98918434,130.1493917,19.23049024,1,5,3,1,0,2.83,0.42
45.85899905,28.8911694,35.54794043,3,6,4,2,2,0.63,0.78
55.69189165,155.9372966,5.433701239,0,3,0,2,0,2.8,0.1
23.05045624,89.20526564,9.644170359,0,6,2,0,1,3.87,0.42
39.97272425,65.95499501,35.47518868,2,4,4,1,0,1.65,0.89
21.0535794,55.37091383,46.17291744,0,5,5,0,2,2.63,2.19
8.789017,21.53309165,15.66221411,3,5,1,1,2,2.45,1.78
97.66776539,369.1841532,14.87347067,0,2,5,0,2,3.78,0.15
39.94579632,155.7886056,29.24488325,3,5,1,1,0,3.9,0.73
41.01292041,58.23834698,43.37410862,2,0,2,1,1,1.42,1.06
11.4221923,11.4221923,12.85823623,0,2,4,0,2,1,1.13
52.28437229,57.51280952,23.70329354,3,3,6,0,2,1.1,0.45
77.63234569,263.9499754,10.90638327,1,0,2,0,1,3.4,0.14
14.1753932,28.35078639,23.92028637,3,2,7,1,2,2,1.69
28.33752236,67.44330321,35.18238655,3,1,7,0,0,2.38,1.24
17.62889737,69.1052777,30.59448577,2,3,5,1,2,3.92,1.74
45.45111536,119.0819223,29.15101897,3,2,0,2,2,2.62,0.64
49.6609255,168.8471467,12.3920872,2,1,0,2,0,3.4,0.25
23.94208035,60.33404247,23.77234837,3,2,3,1,1,2.52,0.99
23.86992273,38.90797405,10.91050751,3,1,0,1,1,1.63,0.46
8.641282041,30.93578971,21.97860444,3,0,4,0,2,3.58,2.54
11.13961294,12.03078198,37.33962943,2,3,5,1,0,1.08,3.35
46.40242819,47.33047675,6.692686296,3,3,3,1,0,1.02,0.14
77.26621995,119.7626409,37.50769261,2,2,3,2,1,1.55,0.49
5.995140565,22.78153415,30.41302762,1,4,5,0,1,3.8,5.07
21.27074191,70.61886313,12.18615185,2,2,6,0,1,3.32,0.57
38.13860654,48.81741637,21.81288374,1,1,7,1,0,1.28,0.57
37.99803253,146.2924252,16.652943,2,3,1,0,0,3.85,0.44
12.89314236,23.59445051,18.14399891,2,6,0,2,0,1.83,1.41
60.62456071,189.1486294,32.74187155,3,0,4,2,2,3.12,0.54
42.69140538,76.1781742,58.25460657,0,4,7,2,2,2.97,1.36
5.868319196,8.68511241,21.90827594,0,6,4,1,1,1.48,3.73
42.69140538,76.1781742,29.7814818,3,6,1,1,1,2.83,0.7
77.69879025,38.84939512,17.05899334,1,0,5,2,2,0.5,0.22
94.36532941,148.1535672,38.09452549,3,2,7,2,2,1.57,0.4
43.95822632,45.27697311,10.43223727,0,5,4,0,2,1.03,0.24
76.4807442,85.65843351,15.66189493,2,4,3,0,2,1.12,0.2
66.17819525,59.56037573,37.27761608,3,2,3,0,1,0.9,0.56
76.24242379,232.5393926,21.08916023,1,0,4,0,2,3.05,0.28
35.15737676,137.1137693,19.95588646,3,5,4,2,2,3.9,0.57
53.1197997,78.08610556,33.38895965,0,0,6,0,0,1.47,0.63
43.12603812,136.7095408,21.59525254,2,0,2,2,1,3.17,0.5
60.68153839,131.6789383,31.65142651,0,6,2,2,1,2.17,0.52
33.67446234,87.55360209,37.39857229,0,3,1,1,0,2.6,1.11
54.54859169,63.82185227,17.02676986,0,2,3,0,1,1.17,0.31
14.11630705,44.04287801,3.707066616,0,0,5,2,1,3.12,0.26
11.32191413,16.19033721,3.059041507,2,2,5,1,2,1.43,0.27
26.58671022,91.19241604,25.20475381,0,5,1,1,2,3.43,0.95
65.92220416,84.38042132,8.197264329,1,6,3,2,1,1.28,0.12
37.51588424,63.02668552,9.589103255,1,5,7,2,0,1.68,0.26
20.0746499,68.85604917,13.6568355,0,5,0,0,0,3.43,0.68
10.39064403,35.3281897,39.79579713,1,6,4,0,1,3.4,3.83
5.892835164,8.367825932,11.65115779,0,2,1,2,1,1.42,1.98
48.52491427,76.1841154,6.771002972,2,5,6,2,1,1.57,0.14
51.94497776,35.32258488,29.47187657,2,1,3,1,1,0.68,0.57
20.79043601,33.8884107,25.7924729,1,2,2,1,2,1.63,1.24
49.48345837,134.5950068,37.66079512,1,3,4,1,2,2.72,0.76
25.52754721,50.28926801,25.02118182,0,3,4,1,1,1.97,0.98
19.95802528,73.84469352,37.06093994,3,0,2,1,0,3.7,1.86
33.69416178,30.3247456,35.80127289,0,6,4,0,2,0.9,1.06
45.15937317,22.57968659,39.25370609,0,3,5,1,1,0.5,0.87
60.83110355,191.6179762,9.975404653,2,6,7,2,0,3.15,0.16
42.69140538,76.1781742,22.56083774,3,2,3,0,2,2.67,0.53
47.67827375,61.98175587,36.54860154,3,1,0,1,2,1.3,0.77
27.63793402,80.97914667,10.21823473,0,1,7,1,1,2.93,0.37
66.46105413,98.36236011,21.56690777,2,1,0,1,0,1.48,0.32
42.69140538,76.1781742,15.36736539,1,1,4,2,1,3.1,0.36
42.69140538,76.1781742,25.85701783,2,4,7,1,2,3.45,0.61
10.20161301,5.304838765,36.56517625,1,6,1,2,0,0.52,3.58
67.61464385,114.9448946,24.01570743,2,5,0,2,2,1.7,0.36
8.936913796,31.72604398,9.934768943,3,6,6,1,1,3.55,1.11
26.44403312,76.68769606,27.3704371,2,3,3,1,1,2.9,1.04
42.0179595,152.1050134,13.08860586,0,6,5,0,2,3.62,0.31
27.99720489,64.95351534,25.53720509,1,6,0,0,1,2.32,0.91
34.54134762,111.2231393,26.03350587,2,1,2,0,1,3.22,0.75
67.07828216,100.6174232,11.98065566,2,1,3,2,2,1.5,0.18
39.70699557,30.57438659,24.19250986,1,4,7,1,0,0.77,0.61
6.448880265,8.383544345,5.388237273,2,2,7,0,2,1.3,0.84
30.75150398,53.81513197,12.89960747,1,6,0,2,2,1.75,0.42
28.80292498,104.2665884,20.89934494,3,0,3,0,0,3.62,0.73
30.98756655,91.41332133,35.73202835,1,2,5,0,1,2.95,1.15
85.03985431,293.3874974,21.84379488,1,3,7,1,0,3.45,0.26
47.76784734,127.5401524,30.85952282,3,4,6,1,2,2.67,0.65
57.45442117,68.9453054,26.41458833,2,3,1,2,0,1.2,0.46
45.93945508,65.69342076,22.14706391,2,1,0,1,1,1.43,0.48
49.53480946,65.38594848,23.99606518,3,3,5,0,0,1.32,0.48
52.73977321,197.7741495,33.81722061,0,6,4,2,0,3.75,0.64
61.93297987,245.8739301,24.52140401,1,1,1,2,2,3.97,0.4
23.43787533,80.86066987,8.483284286,2,2,5,2,0,3.45,0.36
8.315805795,9.147386375,20.70425979,2,5,3,2,2,1.1,2.49
10.18500019,12.73125023,18.818112,1,1,6,1,1,1.25,1.85
71.94505923,238.8575966,24.89800447,1,1,5,0,0,3.32,0.35
9.209067931,6.722619589,27.71437694,1,4,7,1,0,0.73,3.01
21.91849581,69.48163172,7.492841006,0,5,7,1,2,3.17,0.34
21.7953825,39.66759615,27.46057477,3,2,5,2,2,1.82,1.26
27.99493074,78.38580607,7.260077621,0,0,5,1,1,2.8,0.26
35.76228269,105.4987339,17.06997335,0,0,3,1,2,2.95,0.48
7.917185919,6.967123608,27.96248909,1,0,3,0,2,0.88,3.53
26.17745507,67.27605952,11.413851,3,6,3,2,1,2.57,0.44
42.69140538,76.1781742,14.31781179,2,0,5,1,2,3.68,0.34
60.25144069,147.6160297,21.10445258,1,6,6,2,2,2.45,0.35
15.69171929,28.5589291,9.253937426,3,2,1,0,2,1.82,0.59
54.82511333,112.3914823,22.93004795,2,2,5,1,2,2.05,0.42
65.23254316,102.4150928,5.709498044,0,1,4,0,1,1.57,0.09
6.43232417,12.54303213,16.43110081,3,0,2,0,1,1.95,2.55
16.12608972,31.44587495,27.63699511,0,4,5,2,2,1.95,1.71
66.97990803,256.5330478,38.83301031,0,2,1,2,0,3.83,0.58
74.27670058,288.1935982,38.19400614,3,5,3,2,1,3.88,0.51
39.73385255,115.2281724,19.41366508,2,5,0,1,0,2.9,0.49
60.72514389,156.6708712,11.28973331,3,2,3,2,2,2.58,0.19
43.25145348,85.20536335,36.35692966,2,1,5,1,2,1.97,0.84
42.01165353,63.0174803,22.08116363,1,3,7,0,1,1.5,0.53
68.18585287,49.77567259,5.06780582,1,5,4,2,0,0.73,0.07
18.89510166,38.73495841,37.25500156,1,5,5,0,1,2.05,1.97
13.7562515,18.2958145,39.04614606,0,3,5,2,1,1.33,2.84
63.65257024,59.19689032,10.86367428,1,1,5,0,1,0.93,0.17
